game_pk,game_date,venue,batting_team,pitching_team,batter_id,batter_name,batter_hand,pitcher_id,pitcher_name,batter_ev_avg,batter_adj_ev,batter_barrel_pct,batter_hard_hit_pct,batter_xba,batter_xwoba,batter_xslg,batter_la_avg,bvp_ab,bvp_h,bvp_hr,bvp_k,bvp_bb,bvp_avg,bvp_ops,vsL_avg,vsL_ops,vsL_slg,vsL_k_pct,vsL_bb_pct,vsL_ab,vsR_avg,vsR_ops,vsR_slg,vsR_k_pct,vsR_bb_pct,vsR_ab,pitcher_vsL_avg,pitcher_vsL_ops,pitcher_vsL_slg,pitcher_vsL_k_pct,pitcher_vsL_bb_pct,pitcher_vsL_ab,pitcher_vsR_avg,pitcher_vsR_ops,pitcher_vsR_slg,pitcher_vsR_k_pct,pitcher_vsR_bb_pct,pitcher_vsR_ab,pitcher_ev_allowed,pitcher_barrel_pct_allowed,pitcher_hard_hit_allowed,pitcher_xwoba_allowed,pitcher_xba_allowed,pitcher_k9,pitcher_bb9,pitcher_whip
824441,2026-05-11T22:10:00Z,Progressive Field,LAA,CLE,624428,Adam Frazier,L,676282,Joey Cantillo,,,,,,,,,1,0,0,1,0,.000,.000,.200,.533,.200,0.154,0.077,10.0,.255,.772,.451,0.316,0.088,51.0,.184,.541,.316,8.0,2.0,38,.269,.816,.442,29.0,17.0,104,,,,,,,,
824441,2026-05-11T22:10:00Z,Progressive Field,LAA,CLE,608718,Brent Suter,L,676282,Joey Cantillo,,,,,,,,,0,0,0,0,0,.000,.000,,,,,,,,,,,,,.184,.541,.316,8.0,2.0,38,.269,.816,.442,29.0,17.0,104,,,,,,,,
824441,2026-05-11T22:10:00Z,Progressive Field,LAA,CLE,666201,Alek Manoah,R,676282,Joey Cantillo,,,,,,,,,0,0,0,0,0,.000,.000,,,,,,,,,,,,,.184,.541,.316,8.0,2.0,38,.269,.816,.442,29.0,17.0,104,,,,,,,,
824441,2026-05-11T22:10:00Z,Progressive Field,LAA,CLE,672724,Oswald Peraza,R,676282,Joey Cantillo,,,,,,,,,1,0,0,0,1,.000,.500,.326,1.007,.651,0.239,0.022,43.0,.250,.678,.350,0.224,0.09,60.0,.184,.541,.316,8.0,2.0,38,.269,.816,.442,29.0,17.0,104,,,,,,,,
824441,2026-05-11T22:10:00Z,Progressive Field,LAA,CLE,545361,Mike Trout,R,676282,Joey Cantillo,,,,,,,,,1,0,0,0,0,.000,.000,.265,.961,.529,0.25,0.227,34.0,.243,.923,.514,0.255,0.197,107.0,.184,.541,.316,8.0,2.0,38,.269,.816,.442,29.0,17.0,104,,,,,,,,
824441,2026-05-11T22:10:00Z,Progressive Field,LAA,CLE,694384,Nolan Schanuel,L,676282,Joey Cantillo,,,,,,,,,0,0,0,0,0,.000,.000,.154,.458,.231,0.182,0.068,39.0,.284,.753,.422,0.144,0.068,109.0,.184,.541,.316,8.0,2.0,38,.269,.816,.442,29.0,17.0,104,,,,,,,,
824441,2026-05-11T22:10:00Z,Progressive Field,LAA,CLE,667755,José Soriano,R,676282,Joey Cantillo,,,,,,,,,0,0,0,0,0,.000,.000,,,,,,,,,,,,,.184,.541,.316,8.0,2.0,38,.269,.816,.442,29.0,17.0,104,,,,,,,,
824441,2026-05-11T22:10:00Z,Progressive Field,LAA,CLE,820862,José Fermin,R,676282,Joey Cantillo,,,,,,,,,0,0,0,0,0,.000,.000,,,,,,,,,,,,,.184,.541,.316,8.0,2.0,38,.269,.816,.442,29.0,17.0,104,,,,,,,,
824441,2026-05-11T22:10:00Z,Progressive Field,LAA,CLE,666139,Josh Lowe,L,676282,Joey Cantillo,,,,,,,,,1,0,0,1,1,.000,.500,.067,.134,.067,0.312,0.0,15.0,.174,.552,.326,0.29,0.054,86.0,.184,.541,.316,8.0,2.0,38,.269,.816,.442,29.0,17.0,104,,,,,,,,
824441,2026-05-11T22:10:00Z,Progressive Field,LAA,CLE,519141,Drew Pomeranz,R,676282,Joey Cantillo,,,,,,,,,0,0,0,0,0,.000,.000,,,,,,,,,,,,,.184,.541,.316,8.0,2.0,38,.269,.816,.442,29.0,17.0,104,,,,,,,,
824441,2026-05-11T22:10:00Z,Progressive Field,LAA,CLE,666171,Ryan Zeferjahn,R,676282,Joey Cantillo,,,,,,,,,0,0,0,0,0,.000,.000,,,,,,,,,,,,,.184,.541,.316,8.0,2.0,38,.269,.816,.442,29.0,17.0,104,,,,,,,,
824441,2026-05-11T22:10:00Z,Progressive Field,LAA,CLE,624585,Jorge Soler,R,676282,Joey Cantillo,,,,,,,,,1,0,0,0,0,.000,.000,.226,.712,.355,0.262,0.167,31.0,.225,.793,.480,0.33,0.087,102.0,.184,.541,.316,8.0,2.0,38,.269,.816,.442,29.0,17.0,104,,,,,,,,
824441,2026-05-11T22:10:00Z,Progressive Field,LAA,CLE,683079,Omar Martinez,L,676282,Joey Cantillo,,,,,,,,,0,0,0,0,0,.000,.000,,,,,,,1.000,2.000,1.000,0.0,0.0,1.0,.184,.541,.316,8.0,2.0,38,.269,.816,.442,29.0,17.0,104,,,,,,,,
824441,2026-05-11T22:10:00Z,Progressive Field,LAA,CLE,672282,Reid Detmers,L,676282,Joey Cantillo,,,,,,,,,0,0,0,0,0,.000,.000,,,,,,,,,,,,,.184,.541,.316,8.0,2.0,38,.269,.816,.442,29.0,17.0,104,,,,,,,,
824441,2026-05-11T22:10:00Z,Progressive Field,LAA,CLE,815083,Mitch Farris,L,676282,Joey Cantillo,,,,,,,,,0,0,0,0,0,.000,.000,,,,,,,,,,,,,.184,.541,.316,8.0,2.0,38,.269,.816,.442,29.0,17.0,104,,,,,,,,
824441,2026-05-11T22:10:00Z,Progressive Field,LAA,CLE,666176,Jo Adell,R,676282,Joey Cantillo,,,,,,,,,1,0,0,1,0,.000,.000,.326,1.090,.717,0.176,0.039,46.0,.252,.576,.287,0.24,0.017,115.0,.184,.541,.316,8.0,2.0,38,.269,.816,.442,29.0,17.0,104,,,,,,,,
824441,2026-05-11T22:10:00Z,Progressive Field,LAA,CLE,669326,Bryce Teodosio,R,676282,Joey Cantillo,,,,,,,,,0,0,0,0,0,.000,.000,.300,.690,.367,0.419,0.032,30.0,.100,.350,.100,0.231,0.154,10.0,.184,.541,.316,8.0,2.0,38,.269,.816,.442,29.0,17.0,104,,,,,,,,
824441,2026-05-11T22:10:00Z,Progressive Field,LAA,CLE,681217,Chase Silseth,R,676282,Joey Cantillo,,,,,,,,,0,0,0,0,0,.000,.000,,,,,,,,,,,,,.184,.541,.316,8.0,2.0,38,.269,.816,.442,29.0,17.0,104,,,,,,,,
824441,2026-05-11T22:10:00Z,Progressive Field,LAA,CLE,686799,Jack Kochanowicz,L,676282,Joey Cantillo,,,,,,,,,0,0,0,0,0,.000,.000,,,,,,,,,,,,,.184,.541,.316,8.0,2.0,38,.269,.816,.442,29.0,17.0,104,,,,,,,,
824441,2026-05-11T22:10:00Z,Progressive Field,LAA,CLE,489446,Kirby Yates,L,676282,Joey Cantillo,,,,,,,,,0,0,0,0,0,.000,.000,,,,,,,,,,,,,.184,.541,.316,8.0,2.0,38,.269,.816,.442,29.0,17.0,104,,,,,,,,
824441,2026-05-11T22:10:00Z,Progressive Field,LAA,CLE,696147,Sam Bachman,R,676282,Joey Cantillo,,,,,,,,,0,0,0,0,0,.000,.000,,,,,,,,,,,,,.184,.541,.316,8.0,2.0,38,.269,.816,.442,29.0,17.0,104,,,,,,,,
824441,2026-05-11T22:10:00Z,Progressive Field,LAA,CLE,687093,Vaughn Grissom,R,676282,Joey Cantillo,,,,,,,,,0,0,0,0,0,.000,.000,.286,.782,.429,0.114,0.114,28.0,.273,.792,.424,0.053,0.132,33.0,.184,.541,.316,8.0,2.0,38,.269,.816,.442,29.0,17.0,104,,,,,,,,
824441,2026-05-11T22:10:00Z,Progressive Field,LAA,CLE,665861,Sebastián Rivero,R,676282,Joey Cantillo,,,,,,,,,0,0,0,0,0,.000,.000,.000,.000,.000,0.0,0.0,4.0,.200,.450,.200,0.062,0.062,15.0,.184,.541,.316,8.0,2.0,38,.269,.816,.442,29.0,17.0,104,,,,,,,,
824441,2026-05-11T22:10:00Z,Progressive Field,LAA,CLE,700712,Walbert Ureña,R,676282,Joey Cantillo,,,,,,,,,0,0,0,0,0,.000,.000,,,,,,,,,,,,,.184,.541,.316,8.0,2.0,38,.269,.816,.442,29.0,17.0,104,,,,,,,,
824441,2026-05-11T22:10:00Z,Progressive Field,LAA,CLE,660162,Yoán Moncada,S,676282,Joey Cantillo,,,,,,,,,0,0,0,0,0,.000,.000,.053,.270,.053,0.478,0.13,19.0,.222,.700,.370,0.319,0.128,81.0,.184,.541,.316,8.0,2.0,38,.269,.816,.442,29.0,17.0,104,,,,,,,,
824441,2026-05-11T22:10:00Z,Progressive Field,LAA,CLE,687263,Zach Neto,R,676282,Joey Cantillo,,,,,,,,,0,0,0,0,0,.000,.000,.256,.832,.436,0.271,0.188,39.0,.211,.695,.390,0.326,0.106,123.0,.184,.541,.316,8.0,2.0,38,.269,.816,.442,29.0,17.0,104,,,,,,,,
824441,2026-05-11T22:10:00Z,Progressive Field,CLE,LAA,677587,Brayan Rocchio,S,608718,Brent Suter,,,,,,,,,0,0,0,0,0,.000,.000,.286,.848,.500,0.085,0.064,42.0,.275,.695,.330,0.095,0.105,91.0,.346,1.048,.615,8.0,4.0,26,.200,.643,.364,14.0,6.0,55,,,,,,,,
824441,2026-05-11T22:10:00Z,Progressive Field,CLE,LAA,680916,Franco Aleman,R,608718,Brent Suter,,,,,,,,,0,0,0,0,0,.000,.000,,,,,,,,,,,,,.346,1.048,.615,8.0,4.0,26,.200,.643,.364,14.0,6.0,55,,,,,,,,
824441,2026-05-11T22:10:00Z,Progressive Field,CLE,LAA,800050,Chase DeLauter,L,608718,Brent Suter,,,,,,,,,0,0,0,0,0,.000,.000,.410,1.067,.615,0.119,0.071,39.0,.253,.835,.484,0.099,0.135,95.0,.346,1.048,.615,8.0,4.0,26,.200,.643,.364,14.0,6.0,55,,,,,,,,
824441,2026-05-11T22:10:00Z,Progressive Field,CLE,LAA,595978,Austin Hedges,R,608718,Brent Suter,,,,,,,,,4,0,0,1,0,.000,.000,.375,1.012,.583,0.071,0.107,24.0,.222,.572,.296,0.345,0.069,27.0,.346,1.048,.615,8.0,4.0,26,.200,.643,.364,14.0,6.0,55,,,,,,,,
824441,2026-05-11T22:10:00Z,Progressive Field,CLE,LAA,668909,Gavin Williams,L,608718,Brent Suter,,,,,,,,,0,0,0,0,0,.000,.000,,,,,,,,,,,,,.346,1.048,.615,8.0,4.0,26,.200,.643,.364,14.0,6.0,55,,,,,,,,
824441,2026-05-11T22:10:00Z,Progressive Field,CLE,LAA,670036,Matt Festa,R,608718,Brent Suter,,,,,,,,,0,0,0,0,0,.000,.000,,,,,,,,,,,,,.346,1.048,.615,8.0,4.0,26,.200,.643,.364,14.0,6.0,55,,,,,,,,
824441,2026-05-11T22:10:00Z,Progressive Field,CLE,LAA,682657,Angel Martínez,S,608718,Brent Suter,,,,,,,,,1,1,0,0,0,1.000,2.000,.233,.587,.326,0.106,0.021,43.0,.259,.791,.481,0.27,0.045,81.0,.346,1.048,.615,8.0,4.0,26,.200,.643,.364,14.0,6.0,55,,,,,,,,
824441,2026-05-11T22:10:00Z,Progressive Field,CLE,LAA,671922,Cade Smith,R,608718,Brent Suter,,,,,,,,,0,0,0,0,0,.000,.000,,,,,,,,,,,,,.346,1.048,.615,8.0,4.0,26,.200,.643,.364,14.0,6.0,55,,,,,,,,
824441,2026-05-11T22:10:00Z,Progressive Field,CLE,LAA,800048,Parker Messick,L,608718,Brent Suter,,,,,,,,,0,0,0,0,0,.000,.000,,,,,,,,,,,,,.346,1.048,.615,8.0,4.0,26,.200,.643,.364,14.0,6.0,55,,,,,,,,
824441,2026-05-11T22:10:00Z,Progressive Field,CLE,LAA,690984,Petey Halpin,L,608718,Brent Suter,,,,,,,,,0,0,0,0,0,.000,.000,.000,.000,.000,0.2,0.0,5.0,.167,.398,.167,0.231,0.077,12.0,.346,1.048,.615,8.0,4.0,26,.200,.643,.364,14.0,6.0,55,,,,,,,,
824441,2026-05-11T22:10:00Z,Progressive Field,CLE,LAA,682177,Daniel Schneemann,L,608718,Brent Suter,,,,,,,,,1,0,0,0,0,.000,.000,.308,.938,.538,0.367,0.133,26.0,.263,.782,.438,0.289,0.111,80.0,.346,1.048,.615,8.0,4.0,26,.200,.643,.364,14.0,6.0,55,,,,,,,,
824441,2026-05-11T22:10:00Z,Progressive Field,CLE,LAA,608070,José Ramírez,S,608718,Brent Suter,,,,,,,,,6,2,1,1,0,.333,1.166,.295,.994,.614,0.1,0.12,44.0,.193,.646,.303,0.157,0.187,109.0,.346,1.048,.615,8.0,4.0,26,.200,.643,.364,14.0,6.0,55,,,,,,,,
824441,2026-05-11T22:10:00Z,Progressive Field,CLE,LAA,683769,Hunter Gaddis,R,608718,Brent Suter,,,,,,,,,0,0,0,0,0,.000,.000,,,,,,,,,,,,,.346,1.048,.615,8.0,4.0,26,.200,.643,.364,14.0,6.0,55,,,,,,,,
824441,2026-05-11T22:10:00Z,Progressive Field,CLE,LAA,672275,Patrick Bailey,S,608718,Brent Suter,,,,,,,,,0,0,0,0,0,.000,.000,.158,.554,.316,0.333,0.095,19.0,.136,.333,.136,0.225,0.07,66.0,.346,1.048,.615,8.0,4.0,26,.200,.643,.364,14.0,6.0,55,,,,,,,,
824441,2026-05-11T22:10:00Z,Progressive Field,CLE,LAA,700932,Kyle Manzardo,L,608718,Brent Suter,,,,,,,,,1,0,0,0,0,.000,.000,.250,.544,.250,0.235,0.059,16.0,.194,.573,.290,0.33,0.094,93.0,.346,1.048,.615,8.0,4.0,26,.200,.643,.364,14.0,6.0,55,,,,,,,,
824441,2026-05-11T22:10:00Z,Progressive Field,CLE,LAA,681870,Erik Sabrowski,R,608718,Brent Suter,,,,,,,,,0,0,0,0,0,.000,.000,,,,,,,,,,,,,.346,1.048,.615,8.0,4.0,26,.200,.643,.364,14.0,6.0,55,,,,,,,,
824441,2026-05-11T22:10:00Z,Progressive Field,CLE,LAA,676282,Joey Cantillo,L,608718,Brent Suter,,,,,,,,,0,0,0,0,0,.000,.000,,,,,,,,,,,,,.346,1.048,.615,8.0,4.0,26,.200,.643,.364,14.0,6.0,55,,,,,,,,
824441,2026-05-11T22:10:00Z,Progressive Field,CLE,LAA,681807,David Fry,R,608718,Brent Suter,,,,,,,,,0,0,0,0,0,.000,.000,.207,.705,.310,0.289,0.237,29.0,.304,.969,.609,0.28,0.08,23.0,.346,1.048,.615,8.0,4.0,26,.200,.643,.364,14.0,6.0,55,,,,,,,,
824441,2026-05-11T22:10:00Z,Progressive Field,CLE,LAA,688883,Peyton Pallette,R,608718,Brent Suter,,,,,,,,,0,0,0,0,0,.000,.000,,,,,,,,,,,,,.346,1.048,.615,8.0,4.0,26,.200,.643,.364,14.0,6.0,55,,,,,,,,
824441,2026-05-11T22:10:00Z,Progressive Field,CLE,LAA,670059,Colin Holderman,R,608718,Brent Suter,,,,,,,,,0,0,0,0,0,.000,.000,,,,,,,,,,,,,.346,1.048,.615,8.0,4.0,26,.200,.643,.364,14.0,6.0,55,,,,,,,,
824441,2026-05-11T22:10:00Z,Progressive Field,CLE,LAA,656555,Rhys Hoskins,R,608718,Brent Suter,,,,,,,,,9,1,1,1,0,.111,.555,.100,.437,.200,0.289,0.158,30.0,.233,.820,.433,0.267,0.187,60.0,.346,1.048,.615,8.0,4.0,26,.200,.643,.364,14.0,6.0,55,,,,,,,,
824441,2026-05-11T22:10:00Z,Progressive Field,CLE,LAA,677944,Slade Cecconi,R,608718,Brent Suter,,,,,,,,,0,0,0,0,0,.000,.000,,,,,,,,,,,,,.346,1.048,.615,8.0,4.0,26,.200,.643,.364,14.0,6.0,55,,,,,,,,
824441,2026-05-11T22:10:00Z,Progressive Field,CLE,LAA,680757,Steven Kwan,L,608718,Brent Suter,,,,,,,,,4,2,0,0,0,.500,1.000,.204,.531,.245,0.161,0.089,49.0,.210,.593,.280,0.094,0.12,100.0,.346,1.048,.615,8.0,4.0,26,.200,.643,.364,14.0,6.0,55,,,,,,,,
824441,2026-05-11T22:10:00Z,Progressive Field,CLE,LAA,682120,Tim Herrin,L,608718,Brent Suter,,,,,,,,,0,0,0,0,0,.000,.000,,,,,,,,,,,,,.346,1.048,.615,8.0,4.0,26,.200,.643,.364,14.0,6.0,55,,,,,,,,
824441,2026-05-11T22:10:00Z,Progressive Field,CLE,LAA,683953,Travis Bazzana,L,608718,Brent Suter,,,,,,,,,0,0,0,0,0,.000,.000,.273,.974,.545,0.214,0.143,11.0,.160,.542,.160,0.088,0.235,25.0,.346,1.048,.615,8.0,4.0,26,.200,.643,.364,14.0,6.0,55,,,,,,,,
824441,2026-05-11T22:10:00Z,Progressive Field,CLE,LAA,676440,Tanner Bibee,R,608718,Brent Suter,,,,,,,,,0,0,0,0,0,.000,.000,,,,,,,,,,,,,.346,1.048,.615,8.0,4.0,26,.200,.643,.364,14.0,6.0,55,,,,,,,,
824844,2026-05-11T22:35:00Z,Oriole Park at Camden Yards,NYY,BAL,693645,Cam Schlittler,R,687064,Brandon Young,,,,,,,,,0,0,0,0,0,.000,.000,,,,,,,,,,,,,.244,.730,.444,5.0,3.0,45,.282,.723,.359,9.0,5.0,39,,,,,,,,
824844,2026-05-11T22:35:00Z,Oriole Park at Camden Yards,NYY,BAL,592450,Aaron Judge,R,687064,Brandon Young,,,,,,,,,0,0,0,0,0,.000,.000,.244,1.056,.610,0.25,0.268,41.0,.276,1.035,.648,0.312,0.136,105.0,.244,.730,.444,5.0,3.0,45,.282,.723,.359,9.0,5.0,39,,,,,,,,
824844,2026-05-11T22:35:00Z,Oriole Park at Camden Yards,NYY,BAL,641355,Cody Bellinger,L,687064,Brandon Young,,,,,,,,,0,0,0,0,0,.000,.000,.289,.971,.578,0.089,0.161,45.0,.293,.868,.475,0.145,0.145,99.0,.244,.730,.444,5.0,3.0,45,.282,.723,.359,9.0,5.0,39,,,,,,,,
824844,2026-05-11T22:35:00Z,Oriole Park at Camden Yards,NYY,BAL,641555,J.C. Escarra,L,687064,Brandon Young,,,,,,,,,0,0,0,0,0,.000,.000,.545,1.310,.727,0.083,0.083,11.0,.067,.292,.167,0.312,0.062,30.0,.244,.730,.444,5.0,3.0,45,.282,.723,.359,9.0,5.0,39,,,,,,,,
824844,2026-05-11T22:35:00Z,Oriole Park at Camden Yards,NYY,BAL,669224,Austin Wells,L,687064,Brandon Young,,,,,,,,,0,0,0,0,0,.000,.000,.114,.400,.200,0.2,0.1,35.0,.224,.729,.345,0.233,0.205,58.0,.244,.730,.444,5.0,3.0,45,.282,.723,.359,9.0,5.0,39,,,,,,,,
824844,2026-05-11T22:35:00Z,Oriole Park at Camden Yards,NYY,BAL,700250,Ben Rice,L,687064,Brandon Young,,,,,,,,,0,0,0,0,0,.000,.000,.297,1.084,.703,0.31,0.095,37.0,.310,1.096,.667,0.229,0.181,84.0,.244,.730,.444,5.0,3.0,45,.282,.723,.359,9.0,5.0,39,,,,,,,,
824844,2026-05-11T22:35:00Z,Oriole Park at Camden Yards,NYY,BAL,518585,Fernando Cruz,R,687064,Brandon Young,,,,,,,,,0,0,0,0,0,.000,.000,,,,,,,,,,,,,.244,.730,.444,5.0,3.0,45,.282,.723,.359,9.0,5.0,39,,,,,,,,
824844,2026-05-11T22:35:00Z,Oriole Park at Camden Yards,NYY,BAL,608331,Max Fried,L,687064,Brandon Young,,,,,,,,,0,0,0,0,0,.000,.000,,,,,,,,,,,,,.244,.730,.444,5.0,3.0,45,.282,.723,.359,9.0,5.0,39,,,,,,,,
824844,2026-05-11T22:35:00Z,Oriole Park at Camden Yards,NYY,BAL,607074,Carlos Rodón,L,687064,Brandon Young,,,,,,,,,0,0,0,0,0,.000,.000,,,,,,,,,,,,,.244,.730,.444,5.0,3.0,45,.282,.723,.359,9.0,5.0,39,,,,,,,,
824844,2026-05-11T22:35:00Z,Oriole Park at Camden Yards,NYY,BAL,676609,José Caballero,R,687064,Brandon Young,,,,,,,,,0,0,0,0,0,.000,.000,.244,.728,.467,0.283,0.022,45.0,.267,.714,.367,0.158,0.069,90.0,.244,.730,.444,5.0,3.0,45,.282,.723,.359,9.0,5.0,39,,,,,,,,
824844,2026-05-11T22:35:00Z,Oriole Park at Camden Yards,NYY,BAL,670280,David Bednar,L,687064,Brandon Young,,,,,,,,,0,0,0,0,0,.000,.000,,,,,,,,,,,,,.244,.730,.444,5.0,3.0,45,.282,.723,.359,9.0,5.0,39,,,,,,,,
824844,2026-05-11T22:35:00Z,Oriole Park at Camden Yards,NYY,BAL,642708,Amed Rosario,R,687064,Brandon Young,,,,,,,,,0,0,0,0,0,.000,.000,.235,.808,.500,0.154,0.103,34.0,.294,.824,.500,0.243,0.054,34.0,.244,.730,.444,5.0,3.0,45,.282,.723,.359,9.0,5.0,39,,,,,,,,
824844,2026-05-11T22:35:00Z,Oriole Park at Camden Yards,NYY,BAL,666808,Camilo Doval,R,687064,Brandon Young,,,,,,,,,0,0,0,0,0,.000,.000,,,,,,,,,,,,,.244,.730,.444,5.0,3.0,45,.282,.723,.359,9.0,5.0,39,,,,,,,,
824844,2026-05-11T22:35:00Z,Oriole Park at Camden Yards,NYY,BAL,665862,Jazz Chisholm Jr.,L,687064,Brandon Young,,,,,,,,,0,0,0,0,0,.000,.000,.191,.541,.277,0.283,0.094,47.0,.214,.657,.357,0.282,0.1,98.0,.244,.730,.444,5.0,3.0,45,.282,.723,.359,9.0,5.0,39,,,,,,,,
824844,2026-05-11T22:35:00Z,Oriole Park at Camden Yards,NYY,BAL,641857,Ryan McMahon,L,687064,Brandon Young,,,,,,,,,0,0,0,0,0,.000,.000,.227,.593,.273,0.32,0.12,22.0,.215,.649,.354,0.295,0.102,79.0,.244,.730,.444,5.0,3.0,45,.282,.723,.359,9.0,5.0,39,,,,,,,,
824844,2026-05-11T22:35:00Z,Oriole Park at Camden Yards,NYY,BAL,502671,Paul Goldschmidt,R,687064,Brandon Young,,,,,,,,,0,0,0,0,0,.000,.000,.207,.913,.552,0.222,0.167,29.0,.269,.758,.462,0.222,0.037,26.0,.244,.730,.444,5.0,3.0,45,.282,.723,.359,9.0,5.0,39,,,,,,,,
824844,2026-05-11T22:35:00Z,Oriole Park at Camden Yards,NYY,BAL,687396,Brent Headrick,L,687064,Brandon Young,,,,,,,,,0,0,0,0,0,.000,.000,,,,,,,,,,,,,.244,.730,.444,5.0,3.0,45,.282,.723,.359,9.0,5.0,39,,,,,,,,
824844,2026-05-11T22:35:00Z,Oriole Park at Camden Yards,NYY,BAL,621112,Paul Blackburn,R,687064,Brandon Young,,,,,,,,,0,0,0,0,0,.000,.000,,,,,,,,,,,,,.244,.730,.444,5.0,3.0,45,.282,.723,.359,9.0,5.0,39,,,,,,,,
824844,2026-05-11T22:35:00Z,Oriole Park at Camden Yards,NYY,BAL,656234,Jake Bird,R,687064,Brandon Young,,,,,,,,,0,0,0,0,0,.000,.000,,,,,,,,,,,,,.244,.730,.444,5.0,3.0,45,.282,.723,.359,9.0,5.0,39,,,,,,,,
824844,2026-05-11T22:35:00Z,Oriole Park at Camden Yards,NYY,BAL,680474,Max Schuemann,R,687064,Brandon Young,,,,,,,,,0,0,0,0,0,.000,.000,.200,.600,.400,0.2,0.0,5.0,.000,1.000,.000,0.0,1.0,0.0,.244,.730,.444,5.0,3.0,45,.282,.723,.359,9.0,5.0,39,,,,,,,,
824844,2026-05-11T22:35:00Z,Oriole Park at Camden Yards,NYY,BAL,682987,Spencer Jones,L,687064,Brandon Young,,,,,,,,,0,0,0,0,0,.000,.000,.000,.000,.000,0.667,0.0,3.0,.167,.453,.167,0.429,0.143,6.0,.244,.730,.444,5.0,3.0,45,.282,.723,.359,9.0,5.0,39,,,,,,,,
824844,2026-05-11T22:35:00Z,Oriole Park at Camden Yards,NYY,BAL,677960,Ryan Weathers,R,687064,Brandon Young,,,,,,,,,0,0,0,0,0,.000,.000,,,,,,,,,,,,,.244,.730,.444,5.0,3.0,45,.282,.723,.359,9.0,5.0,39,,,,,,,,
824844,2026-05-11T22:35:00Z,Oriole Park at Camden Yards,NYY,BAL,642232,Ryan Yarbrough,R,687064,Brandon Young,,,,,,,,,0,0,0,0,0,.000,.000,,,,,,,,,,,,,.244,.730,.444,5.0,3.0,45,.282,.723,.359,9.0,5.0,39,,,,,,,,
824844,2026-05-11T22:35:00Z,Oriole Park at Camden Yards,NYY,BAL,663757,Trent Grisham,L,687064,Brandon Young,,,,,,,,,0,0,0,0,0,.000,.000,.206,.653,.353,0.25,0.125,34.0,.168,.662,.358,0.157,0.165,95.0,.244,.730,.444,5.0,3.0,45,.282,.723,.359,9.0,5.0,39,,,,,,,,
824844,2026-05-11T22:35:00Z,Oriole Park at Camden Yards,NYY,BAL,657612,Tim Hill,R,687064,Brandon Young,,,,,,,,,0,0,0,0,0,.000,.000,,,,,,,,,,,,,.244,.730,.444,5.0,3.0,45,.282,.723,.359,9.0,5.0,39,,,,,,,,
824844,2026-05-11T22:35:00Z,Oriole Park at Camden Yards,NYY,BAL,701542,Will Warren,R,687064,Brandon Young,,,,,,,,,0,0,0,0,0,.000,.000,,,,,,,,,,,,,.244,.730,.444,5.0,3.0,45,.282,.723,.359,9.0,5.0,39,,,,,,,,
824844,2026-05-11T22:35:00Z,Oriole Park at Camden Yards,BAL,NYY,681297,Colton Cowser,L,677960,Ryan Weathers,,,,,,,,,0,0,0,0,0,.000,.000,.200,.400,.200,0.5,0.0,5.0,.179,.491,.209,0.308,0.128,67.0,.267,.557,.267,14.0,1.0,30,.239,.738,.444,31.0,9.0,117,,,,,,,,
824844,2026-05-11T22:35:00Z,Oriole Park at Camden Yards,BAL,NYY,694212,Samuel Basallo,L,677960,Ryan Weathers,,,,,,,,,0,0,0,0,0,.000,.000,.273,.769,.409,0.24,0.12,22.0,.269,.811,.484,0.257,0.079,93.0,.267,.557,.267,14.0,1.0,30,.239,.738,.444,31.0,9.0,117,,,,,,,,
824844,2026-05-11T22:35:00Z,Oriole Park at Camden Yards,BAL,NYY,689296,Anthony Nunez,S,677960,Ryan Weathers,,,,,,,,,0,0,0,0,0,.000,.000,,,,,,,,,,,,,.267,.557,.267,14.0,1.0,30,.239,.738,.444,31.0,9.0,117,,,,,,,,
824844,2026-05-11T22:35:00Z,Oriole Park at Camden Yards,BAL,NYY,691723,Coby Mayo,R,677960,Ryan Weathers,,,,,,,,,2,0,0,0,0,.000,.000,.182,.653,.424,0.286,0.057,33.0,.147,.419,.206,0.333,0.08,68.0,.267,.557,.267,14.0,1.0,30,.239,.738,.444,31.0,9.0,117,,,,,,,,
824844,2026-05-11T22:35:00Z,Oriole Park at Camden Yards,BAL,NYY,552640,Andrew Kittredge,R,677960,Ryan Weathers,,,,,,,,,0,0,0,0,0,.000,.000,,,,,,,,,,,,,.267,.557,.267,14.0,1.0,30,.239,.738,.444,31.0,9.0,117,,,,,,,,
824844,2026-05-11T22:35:00Z,Oriole Park at Camden Yards,BAL,NYY,664991,Grant Wolfram,L,677960,Ryan Weathers,,,,,,,,,0,0,0,0,0,.000,.000,,,,,,,,,,,,,.267,.557,.267,14.0,1.0,30,.239,.738,.444,31.0,9.0,117,,,,,,,,
824844,2026-05-11T22:35:00Z,Oriole Park at Camden Yards,BAL,NYY,624413,Pete Alonso,R,677960,Ryan Weathers,,,,,,,,,4,2,1,2,0,.500,1.750,.195,.657,.390,0.267,0.089,41.0,.221,.779,.451,0.237,0.13,113.0,.267,.557,.267,14.0,1.0,30,.239,.738,.444,31.0,9.0,117,,,,,,,,
824844,2026-05-11T22:35:00Z,Oriole Park at Camden Yards,BAL,NYY,669236,Jeremiah Jackson,R,677960,Ryan Weathers,,,,,,,,,2,0,0,0,0,.000,.000,.250,.658,.344,0.257,0.057,32.0,.245,.686,.436,0.208,0.01,94.0,.267,.557,.267,14.0,1.0,30,.239,.738,.444,31.0,9.0,117,,,,,,,,
824844,2026-05-11T22:35:00Z,Oriole Park at Camden Yards,BAL,NYY,677942,Blaze Alexander,R,677960,Ryan Weathers,,,,,,,,,4,1,0,2,0,.250,.500,.250,.666,.333,0.259,0.111,24.0,.220,.524,.254,0.303,0.045,59.0,.267,.557,.267,14.0,1.0,30,.239,.738,.444,31.0,9.0,117,,,,,,,,
824844,2026-05-11T22:35:00Z,Oriole Park at Camden Yards,BAL,NYY,687064,Brandon Young,R,677960,Ryan Weathers,,,,,,,,,0,0,0,0,0,.000,.000,,,,,,,,,,,,,.267,.557,.267,14.0,1.0,30,.239,.738,.444,31.0,9.0,117,,,,,,,,
824844,2026-05-11T22:35:00Z,Oriole Park at Camden Yards,BAL,NYY,683002,Gunnar Henderson,L,677960,Ryan Weathers,,,,,,,,,3,1,0,2,0,.333,.666,.190,.729,.452,0.298,0.085,42.0,.217,.677,.411,0.302,0.065,129.0,.267,.557,.267,14.0,1.0,30,.239,.738,.444,31.0,9.0,117,,,,,,,,
824844,2026-05-11T22:35:00Z,Oriole Park at Camden Yards,BAL,NYY,687637,Dylan Beavers,L,677960,Ryan Weathers,,,,,,,,,0,0,0,0,0,.000,.000,.286,.599,.286,0.176,0.059,14.0,.236,.715,.382,0.245,0.127,89.0,.267,.557,.267,14.0,1.0,30,.239,.738,.444,31.0,9.0,117,,,,,,,,
824844,2026-05-11T22:35:00Z,Oriole Park at Camden Yards,BAL,NYY,680694,Kyle Bradish,R,677960,Ryan Weathers,,,,,,,,,0,0,0,0,0,.000,.000,,,,,,,,,,,,,.267,.557,.267,14.0,1.0,30,.239,.738,.444,31.0,9.0,117,,,,,,,,
824844,2026-05-11T22:35:00Z,Oriole Park at Camden Yards,BAL,NYY,668939,Adley Rutschman,S,677960,Ryan Weathers,,,,,,,,,3,0,0,1,0,.000,.000,.286,.924,.600,0.108,0.054,35.0,.316,.925,.544,0.175,0.079,57.0,.267,.557,.267,14.0,1.0,30,.239,.738,.444,31.0,9.0,117,,,,,,,,
824844,2026-05-11T22:35:00Z,Oriole Park at Camden Yards,BAL,NYY,669211,Keegan Akin,L,677960,Ryan Weathers,,,,,,,,,0,0,0,0,0,.000,.000,,,,,,,,,,,,,.267,.557,.267,14.0,1.0,30,.239,.738,.444,31.0,9.0,117,,,,,,,,
824844,2026-05-11T22:35:00Z,Oriole Park at Camden Yards,BAL,NYY,664744,Jose Espada,R,677960,Ryan Weathers,,,,,,,,,0,0,0,0,0,.000,.000,,,,,,,,,,,,,.267,.557,.267,14.0,1.0,30,.239,.738,.444,31.0,9.0,117,,,,,,,,
824844,2026-05-11T22:35:00Z,Oriole Park at Camden Yards,BAL,NYY,605135,Chris Bassitt,R,677960,Ryan Weathers,,,,,,,,,0,0,0,0,0,.000,.000,,,,,,,,,,,,,.267,.557,.267,14.0,1.0,30,.239,.738,.444,31.0,9.0,117,,,,,,,,
824844,2026-05-11T22:35:00Z,Oriole Park at Camden Yards,BAL,NYY,665750,Leody Taveras,S,677960,Ryan Weathers,,,,,,,,,5,1,0,3,0,.200,.400,.208,.637,.250,0.25,0.219,24.0,.290,.836,.464,0.177,0.114,69.0,.267,.557,.267,14.0,1.0,30,.239,.738,.444,31.0,9.0,117,,,,,,,,
824844,2026-05-11T22:35:00Z,Oriole Park at Camden Yards,BAL,NYY,608650,Dietrich Enns,L,677960,Ryan Weathers,,,,,,,,,0,0,0,0,0,.000,.000,,,,,,,,,,,,,.267,.557,.267,14.0,1.0,30,.239,.738,.444,31.0,9.0,117,,,,,,,,
824844,2026-05-11T22:35:00Z,Oriole Park at Camden Yards,BAL,NYY,670329,Rico Garcia,R,677960,Ryan Weathers,,,,,,,,,0,0,0,0,0,.000,.000,,,,,,,,,,,,,.267,.557,.267,14.0,1.0,30,.239,.738,.444,31.0,9.0,117,,,,,,,,
824844,2026-05-11T22:35:00Z,Oriole Park at Camden Yards,BAL,NYY,669358,Shane Baz,R,677960,Ryan Weathers,,,,,,,,,0,0,0,0,0,.000,.000,,,,,,,,,,,,,.267,.557,.267,14.0,1.0,30,.239,.738,.444,31.0,9.0,117,,,,,,,,
824844,2026-05-11T22:35:00Z,Oriole Park at Camden Yards,BAL,NYY,642215,Weston Wilson,R,677960,Ryan Weathers,,,,,,,,,3,0,0,1,1,.000,.250,.267,.722,.333,0.333,0.111,15.0,.200,.756,.200,0.111,0.444,5.0,.267,.557,.267,14.0,1.0,30,.239,.738,.444,31.0,9.0,117,,,,,,,,
824844,2026-05-11T22:35:00Z,Oriole Park at Camden Yards,BAL,NYY,621493,Taylor Ward,R,677960,Ryan Weathers,,,,,,,,,2,1,0,0,1,.500,1.167,.267,.872,.433,0.122,0.244,30.0,.261,.783,.360,0.197,0.211,111.0,.267,.557,.267,14.0,1.0,30,.239,.738,.444,31.0,9.0,117,,,,,,,,
824844,2026-05-11T22:35:00Z,Oriole Park at Camden Yards,BAL,NYY,694346,Trey Gibson,R,677960,Ryan Weathers,,,,,,,,,0,0,0,0,0,.000,.000,,,,,,,,,,,,,.267,.557,.267,14.0,1.0,30,.239,.738,.444,31.0,9.0,117,,,,,,,,
824844,2026-05-11T22:35:00Z,Oriole Park at Camden Yards,BAL,NYY,666974,Yennier Cano,R,677960,Ryan Weathers,,,,,,,,,0,0,0,0,0,.000,.000,,,,,,,,,,,,,.267,.557,.267,14.0,1.0,30,.239,.738,.444,31.0,9.0,117,,,,,,,,
824844,2026-05-11T22:35:00Z,Oriole Park at Camden Yards,BAL,NYY,641933,Tyler O'Neill,R,677960,Ryan Weathers,,,,,,,,,3,1,0,0,1,.333,1.167,.087,.247,.087,0.28,0.08,23.0,.258,.765,.355,0.154,0.154,31.0,.267,.557,.267,14.0,1.0,30,.239,.738,.444,31.0,9.0,117,,,,,,,,
822818,2026-05-11T23:07:00Z,Rogers Centre,TB,TOR,641329,Bryan Baker,R,592332,Kevin Gausman,,,,,,,,,0,0,0,0,0,.000,.000,,,,,,,,,,,,,.216,.571,.309,22.0,6.0,97,.208,.615,.377,21.0,3.0,77,,,,,,,,
822818,2026-05-11T23:07:00Z,Rogers Centre,TB,TOR,810938,Ben Williamson,R,592332,Kevin Gausman,,,,,,,,,5,2,0,1,0,.400,.800,.261,.662,.370,0.184,0.041,46.0,.267,.680,.300,0.183,0.155,60.0,.216,.571,.309,22.0,6.0,97,.208,.615,.377,21.0,3.0,77,,,,,,,,
822818,2026-05-11T23:07:00Z,Rogers Centre,TB,TOR,605156,Aaron Brooks,R,592332,Kevin Gausman,,,,,,,,,0,0,0,0,0,.000,.000,,,,,,,,,,,,,.216,.571,.309,22.0,6.0,97,.208,.615,.377,21.0,3.0,77,,,,,,,,
822818,2026-05-11T23:07:00Z,Rogers Centre,TB,TOR,668984,Casey Legumina,R,592332,Kevin Gausman,,,,,,,,,0,0,0,0,0,.000,.000,,,,,,,,,,,,,.216,.571,.309,22.0,6.0,97,.208,.615,.377,21.0,3.0,77,,,,,,,,
822818,2026-05-11T23:07:00Z,Rogers Centre,TB,TOR,685801,Hunter Bigge,R,592332,Kevin Gausman,,,,,,,,,0,0,0,0,0,.000,.000,,,,,,,,,,,,,.216,.571,.309,22.0,6.0,97,.208,.615,.377,21.0,3.0,77,,,,,,,,
822818,2026-05-11T23:07:00Z,Rogers Centre,TB,TOR,676439,Hunter Feduccia,L,592332,Kevin Gausman,,,,,,,,,4,0,0,2,0,.000,.000,.500,1.000,.500,0.25,0.0,4.0,.242,.648,.273,0.31,0.143,33.0,.216,.571,.309,22.0,6.0,97,.208,.615,.377,21.0,3.0,77,,,,,,,,
822818,2026-05-11T23:07:00Z,Rogers Centre,TB,TOR,641584,Jake Fraley,L,592332,Kevin Gausman,,,,,,,,,6,1,0,3,1,.167,.453,.300,.700,.400,0.4,0.0,10.0,.246,.750,.426,0.235,0.103,61.0,.216,.571,.309,22.0,6.0,97,.208,.615,.377,21.0,3.0,77,,,,,,,,
822818,2026-05-11T23:07:00Z,Rogers Centre,TB,TOR,802415,Chandler Simpson,L,592332,Kevin Gausman,,,,,,,,,9,5,0,1,0,.556,1.334,.255,.553,.294,0.127,0.018,51.0,.330,.748,.380,0.083,0.056,100.0,.216,.571,.309,22.0,6.0,97,.208,.615,.377,21.0,3.0,77,,,,,,,,
822818,2026-05-11T23:07:00Z,Rogers Centre,TB,TOR,664076,Garrett Cleavinger,R,592332,Kevin Gausman,,,,,,,,,0,0,0,0,0,.000,.000,,,,,,,,,,,,,.216,.571,.309,22.0,6.0,97,.208,.615,.377,21.0,3.0,77,,,,,,,,
822818,2026-05-11T23:07:00Z,Rogers Centre,TB,TOR,643377,Griffin Jax,R,592332,Kevin Gausman,,,,,,,,,0,0,0,0,0,.000,.000,,,,,,,,,,,,,.216,.571,.309,22.0,6.0,97,.208,.615,.377,21.0,3.0,77,,,,,,,,
822818,2026-05-11T23:07:00Z,Rogers Centre,TB,TOR,642121,Cole Sulser,R,592332,Kevin Gausman,,,,,,,,,0,0,0,0,0,.000,.000,,,,,,,,,,,,,.216,.571,.309,22.0,6.0,97,.208,.615,.377,21.0,3.0,77,,,,,,,,
822818,2026-05-11T23:07:00Z,Rogers Centre,TB,TOR,669947,Jesse Scholtens,R,592332,Kevin Gausman,,,,,,,,,0,0,0,0,0,.000,.000,,,,,,,,,,,,,.216,.571,.309,22.0,6.0,97,.208,.615,.377,21.0,3.0,77,,,,,,,,
822818,2026-05-11T23:07:00Z,Rogers Centre,TB,TOR,656876,Drew Rasmussen,R,592332,Kevin Gausman,,,,,,,,,0,0,0,0,0,.000,.000,,,,,,,,,,,,,.216,.571,.309,22.0,6.0,97,.208,.615,.377,21.0,3.0,77,,,,,,,,
822818,2026-05-11T23:07:00Z,Rogers Centre,TB,TOR,693855,Ian Seymour,L,592332,Kevin Gausman,,,,,,,,,0,0,0,0,0,.000,.000,,,,,,,,,,,,,.216,.571,.309,22.0,6.0,97,.208,.615,.377,21.0,3.0,77,,,,,,,,
822818,2026-05-11T23:07:00Z,Rogers Centre,TB,TOR,656775,Cedric Mullins,L,592332,Kevin Gausman,,,,,,,,,18,5,0,2,0,.278,.611,.185,.452,.185,0.125,0.031,27.0,.136,.431,.250,0.208,0.052,88.0,.216,.571,.309,22.0,6.0,97,.208,.615,.377,21.0,3.0,77,,,,,,,,
822818,2026-05-11T23:07:00Z,Rogers Centre,TB,TOR,666018,Jonathan Aranda,L,592332,Kevin Gausman,,,,,,,,,8,3,0,3,0,.375,.750,.211,.662,.289,0.314,0.196,38.0,.290,.888,.520,0.202,0.105,100.0,.216,.571,.309,22.0,6.0,97,.208,.615,.377,21.0,3.0,77,,,,,,,,
822818,2026-05-11T23:07:00Z,Rogers Centre,TB,TOR,676356,Jonny DeLuca,R,592332,Kevin Gausman,,,,,,,,,2,0,0,0,1,.000,.333,.238,.780,.476,0.239,0.087,42.0,.283,.646,.348,0.167,0.021,46.0,.216,.571,.309,22.0,6.0,97,.208,.615,.377,21.0,3.0,77,,,,,,,,
822818,2026-05-11T23:07:00Z,Rogers Centre,TB,TOR,691406,Junior Caminero,R,592332,Kevin Gausman,,,,,,,,,10,3,0,3,2,.300,.717,.214,.805,.452,0.098,0.176,42.0,.267,.847,.514,0.197,0.094,105.0,.216,.571,.309,22.0,6.0,97,.208,.615,.377,21.0,3.0,77,,,,,,,,
822818,2026-05-11T23:07:00Z,Rogers Centre,TB,TOR,687330,Kevin Kelly,R,592332,Kevin Gausman,,,,,,,,,0,0,0,0,0,.000,.000,,,,,,,,,,,,,.216,.571,.309,22.0,6.0,97,.208,.615,.377,21.0,3.0,77,,,,,,,,
822818,2026-05-11T23:07:00Z,Rogers Centre,TB,TOR,663743,Nick Fortes,R,592332,Kevin Gausman,,,,,,,,,2,1,0,0,0,.500,1.000,.240,.529,.260,0.154,0.0,50.0,.327,.834,.469,0.115,0.038,49.0,.216,.571,.309,22.0,6.0,97,.208,.615,.377,21.0,3.0,77,,,,,,,,
822818,2026-05-11T23:07:00Z,Rogers Centre,TB,TOR,607259,Nick Martinez,L,592332,Kevin Gausman,,,,,,,,,0,0,0,0,0,.000,.000,,,,,,,,,,,,,.216,.571,.309,22.0,6.0,97,.208,.615,.377,21.0,3.0,77,,,,,,,,
822818,2026-05-11T23:07:00Z,Rogers Centre,TB,TOR,668723,Ryan Vilade,R,592332,Kevin Gausman,,,,,,,,,0,0,0,0,0,.000,.000,.308,.793,.436,0.167,0.071,39.0,.143,.343,.143,0.25,0.062,14.0,.216,.571,.309,22.0,6.0,97,.208,.615,.377,21.0,3.0,77,,,,,,,,
822818,2026-05-11T23:07:00Z,Rogers Centre,TB,TOR,680700,Richie Palacios,L,592332,Kevin Gausman,,,,,,,,,7,2,0,2,0,.286,.572,.143,.393,.143,0.25,0.125,7.0,.200,.651,.289,0.207,0.155,45.0,.216,.571,.309,22.0,6.0,97,.208,.615,.377,21.0,3.0,77,,,,,,,,
822818,2026-05-11T23:07:00Z,Rogers Centre,TB,TOR,663556,Shane McClanahan,L,592332,Kevin Gausman,,,,,,,,,0,0,0,0,0,.000,.000,,,,,,,,,,,,,.216,.571,.309,22.0,6.0,97,.208,.615,.377,21.0,3.0,77,,,,,,,,
822818,2026-05-11T23:07:00Z,Rogers Centre,TB,TOR,670764,Taylor Walls,S,592332,Kevin Gausman,,,,,,,,,9,3,0,2,0,.333,.666,.226,.591,.258,0.175,0.125,31.0,.180,.501,.220,0.293,0.103,50.0,.216,.571,.309,22.0,6.0,97,.208,.615,.377,21.0,3.0,77,,,,,,,,
822818,2026-05-11T23:07:00Z,Rogers Centre,TB,TOR,650490,Yandy Díaz,R,592332,Kevin Gausman,,,,,,,,,15,7,1,4,2,.467,1.196,.316,.872,.500,0.186,0.047,38.0,.314,.853,.451,0.103,0.094,102.0,.216,.571,.309,22.0,6.0,97,.208,.615,.377,21.0,3.0,77,,,,,,,,
822818,2026-05-11T23:07:00Z,Rogers Centre,TOR,TB,676391,Ernie Clement,R,656876,Drew Rasmussen,,,,,,,,,5,2,0,0,0,.400,.800,.244,.663,.390,0.045,0.045,41.0,.316,.760,.427,0.075,0.025,117.0,.237,.667,.387,27.0,6.0,93,.128,.405,.277,10.0,0.0,47,,,,,,,,
822818,2026-05-11T23:07:00Z,Rogers Centre,TOR,TB,672960,Kazuma Okamoto,R,656876,Drew Rasmussen,,,,,,,,,3,1,1,2,0,.333,1.666,.303,.819,.424,0.158,0.132,33.0,.232,.812,.500,0.32,0.104,112.0,.237,.667,.387,27.0,6.0,93,.128,.405,.277,10.0,0.0,47,,,,,,,,
822818,2026-05-11T23:07:00Z,Rogers Centre,TOR,TB,656546,Jeff Hoffman,R,656876,Drew Rasmussen,,,,,,,,,0,0,0,0,0,.000,.000,,,,,,,,,,,,,.237,.667,.387,27.0,6.0,93,.128,.405,.277,10.0,0.0,47,,,,,,,,
822818,2026-05-11T23:07:00Z,Rogers Centre,TOR,TB,662139,Daulton Varsho,L,656876,Drew Rasmussen,,,,,,,,,8,2,0,2,1,.250,.583,.235,.715,.382,0.154,0.077,34.0,.265,.735,.408,0.187,0.084,98.0,.237,.667,.387,27.0,6.0,93,.128,.405,.277,10.0,0.0,47,,,,,,,,
822818,2026-05-11T23:07:00Z,Rogers Centre,TOR,TB,592332,Kevin Gausman,L,656876,Drew Rasmussen,,,,,,,,,0,0,0,0,0,.000,.000,,,,,,,,,,,,,.237,.667,.387,27.0,6.0,93,.128,.405,.277,10.0,0.0,47,,,,,,,,
822818,2026-05-11T23:07:00Z,Rogers Centre,TOR,TB,665926,Andrés Giménez,L,656876,Drew Rasmussen,,,,,,,,,3,2,0,1,0,.667,1.334,.139,.344,.139,0.125,0.05,36.0,.284,.756,.463,0.162,0.02,95.0,.237,.667,.387,27.0,6.0,93,.128,.405,.277,10.0,0.0,47,,,,,,,,
822818,2026-05-11T23:07:00Z,Rogers Centre,TOR,TB,680755,Braydon Fisher,R,656876,Drew Rasmussen,,,,,,,,,0,0,0,0,0,.000,.000,,,,,,,,,,,,,.237,.667,.387,27.0,6.0,93,.128,.405,.277,10.0,0.0,47,,,,,,,,
822818,2026-05-11T23:07:00Z,Rogers Centre,TOR,TB,656302,Dylan Cease,R,656876,Drew Rasmussen,,,,,,,,,0,0,0,0,0,.000,.000,,,,,,,,,,,,,.237,.667,.387,27.0,6.0,93,.128,.405,.277,10.0,0.0,47,,,,,,,,
822818,2026-05-11T23:07:00Z,Rogers Centre,TOR,TB,543807,George Springer,R,656876,Drew Rasmussen,,,,,,,,,18,2,1,2,4,.111,.606,.280,.797,.440,0.138,0.069,25.0,.175,.564,.298,0.203,0.109,57.0,.237,.667,.387,27.0,6.0,93,.128,.405,.277,10.0,0.0,47,,,,,,,,
822818,2026-05-11T23:07:00Z,Rogers Centre,TOR,TB,676914,Davis Schneider,R,656876,Drew Rasmussen,,,,,,,,,1,0,0,1,0,.000,.000,.148,.580,.185,0.342,0.289,27.0,.138,.552,.310,0.303,0.121,29.0,.237,.667,.387,27.0,6.0,93,.128,.405,.277,10.0,0.0,47,,,,,,,,
822818,2026-05-11T23:07:00Z,Rogers Centre,TOR,TB,571578,Patrick Corbin,L,656876,Drew Rasmussen,,,,,,,,,0,0,0,0,0,.000,.000,,,,,,,,,,,,,.237,.667,.387,27.0,6.0,93,.128,.405,.277,10.0,0.0,47,,,,,,,,
822818,2026-05-11T23:07:00Z,Rogers Centre,TOR,TB,678218,Brandon Valenzuela,S,656876,Drew Rasmussen,,,,,,,,,1,0,0,0,1,.000,.500,.250,.958,.625,0.333,0.111,16.0,.244,.710,.415,0.273,0.068,41.0,.237,.667,.387,27.0,6.0,93,.128,.405,.277,10.0,0.0,47,,,,,,,,
822818,2026-05-11T23:07:00Z,Rogers Centre,TOR,TB,667297,Tommy Nance,R,656876,Drew Rasmussen,,,,,,,,,0,0,0,0,0,.000,.000,,,,,,,,,,,,,.237,.667,.387,27.0,6.0,93,.128,.405,.277,10.0,0.0,47,,,,,,,,
822818,2026-05-11T23:07:00Z,Rogers Centre,TOR,TB,672820,Lenyn Sosa,R,656876,Drew Rasmussen,,,,,,,,,7,2,0,2,0,.286,.572,.226,.606,.387,0.344,0.0,31.0,.218,.509,.291,0.161,0.0,55.0,.237,.667,.387,27.0,6.0,93,.128,.405,.277,10.0,0.0,47,,,,,,,,
822818,2026-05-11T23:07:00Z,Rogers Centre,TOR,TB,573009,Joe Mantiply,R,656876,Drew Rasmussen,,,,,,,,,0,0,0,0,0,.000,.000,,,,,,,,,,,,,.237,.667,.387,27.0,6.0,93,.128,.405,.277,10.0,0.0,47,,,,,,,,
822818,2026-05-11T23:07:00Z,Rogers Centre,TOR,TB,660821,Jesús Sánchez,L,656876,Drew Rasmussen,,,,,,,,,10,1,0,3,1,.100,.282,.176,.457,.235,0.167,0.0,17.0,.250,.719,.423,0.209,0.052,104.0,.237,.667,.387,27.0,6.0,93,.128,.405,.277,10.0,0.0,47,,,,,,,,
822818,2026-05-11T23:07:00Z,Rogers Centre,TOR,TB,689254,Mason Fluharty,R,656876,Drew Rasmussen,,,,,,,,,0,0,0,0,0,.000,.000,,,,,,,,,,,,,.237,.667,.387,27.0,6.0,93,.128,.405,.277,10.0,0.0,47,,,,,,,,
822818,2026-05-11T23:07:00Z,Rogers Centre,TOR,TB,686973,Louis Varland,L,656876,Drew Rasmussen,,,,,,,,,0,0,0,0,0,.000,.000,,,,,,,,,,,,,.237,.667,.387,27.0,6.0,93,.128,.405,.277,10.0,0.0,47,,,,,,,,
822818,2026-05-11T23:07:00Z,Rogers Centre,TOR,TB,693686,Spencer Miles,L,656876,Drew Rasmussen,,,,,,,,,0,0,0,0,0,.000,.000,,,,,,,,,,,,,.237,.667,.387,27.0,6.0,93,.128,.405,.277,10.0,0.0,47,,,,,,,,
822818,2026-05-11T23:07:00Z,Rogers Centre,TOR,TB,664702,Myles Straw,R,656876,Drew Rasmussen,,,,,,,,,0,0,0,0,0,.000,.000,.235,.707,.382,0.175,0.125,34.0,.367,.924,.500,0.029,0.088,30.0,.237,.667,.387,27.0,6.0,93,.128,.405,.277,10.0,0.0,47,,,,,,,,
822818,2026-05-11T23:07:00Z,Rogers Centre,TOR,TB,682818,Yohendrick Piñango,L,656876,Drew Rasmussen,,,,,,,,,3,1,0,1,0,.333,.666,.400,1.000,.600,0.2,0.0,5.0,.429,.884,.429,0.091,0.045,21.0,.237,.667,.387,27.0,6.0,93,.128,.405,.277,10.0,0.0,47,,,,,,,,
822818,2026-05-11T23:07:00Z,Rogers Centre,TOR,TB,623168,Tyler Heineman,S,656876,Drew Rasmussen,,,,,,,,,0,0,0,0,0,.000,.000,.227,.454,.227,0.182,0.0,22.0,.114,.298,.114,0.244,0.024,35.0,.237,.667,.387,27.0,6.0,93,.128,.405,.277,10.0,0.0,47,,,,,,,,
822818,2026-05-11T23:07:00Z,Rogers Centre,TOR,TB,684320,Yariel Rodríguez,R,656876,Drew Rasmussen,,,,,,,,,0,0,0,0,0,.000,.000,,,,,,,,,,,,,.237,.667,.387,27.0,6.0,93,.128,.405,.277,10.0,0.0,47,,,,,,,,
822818,2026-05-11T23:07:00Z,Rogers Centre,TOR,TB,643511,Tyler Rogers,R,656876,Drew Rasmussen,,,,,,,,,0,0,0,0,0,.000,.000,,,,,,,,,,,,,.237,.667,.387,27.0,6.0,93,.128,.405,.277,10.0,0.0,47,,,,,,,,
822818,2026-05-11T23:07:00Z,Rogers Centre,TOR,TB,665489,Vladimir Guerrero Jr.,R,656876,Drew Rasmussen,,,,,,,,,24,6,1,3,1,.250,.738,.323,1.023,.548,0.075,0.2,31.0,.304,.727,.357,0.126,0.087,115.0,.237,.667,.387,27.0,6.0,93,.128,.405,.277,10.0,0.0,47,,,,,,,,
822818,2026-05-11T23:07:00Z,Rogers Centre,TOR,TB,702056,Trey Yesavage,R,656876,Drew Rasmussen,,,,,,,,,0,0,0,0,0,.000,.000,,,,,,,,,,,,,.237,.667,.387,27.0,6.0,93,.128,.405,.277,10.0,0.0,47,,,,,,,,
822901,2026-05-12T00:05:00Z,Globe Life Field,AZ,TEX,694297,Brandon Pfaadt,R,543135,Nathan Eovaldi,,,,,,,,,0,0,0,0,0,.000,.000,,,,,,,,,,,,,.270,.807,.492,26.0,7.0,122,.203,.570,.313,21.0,3.0,64,,,,,,,,
822901,2026-05-12T00:05:00Z,Globe Life Field,AZ,TEX,593958,Eduardo Rodriguez,L,543135,Nathan Eovaldi,,,,,,,,,0,0,0,0,0,.000,.000,,,,,,,,,,,,,.270,.807,.492,26.0,7.0,122,.203,.570,.313,21.0,3.0,64,,,,,,,,
822901,2026-05-12T00:05:00Z,Globe Life Field,AZ,TEX,678489,Jorge Barrosa,S,543135,Nathan Eovaldi,,,,,,,,,0,0,0,0,0,.000,.000,.233,.810,.467,0.194,0.111,30.0,.167,.529,.313,0.365,0.058,48.0,.270,.807,.492,26.0,7.0,122,.203,.570,.313,21.0,3.0,64,,,,,,,,
822901,2026-05-12T00:05:00Z,Globe Life Field,AZ,TEX,680728,Adrian Del Castillo,L,543135,Nathan Eovaldi,,,,,,,,,1,0,0,0,1,.000,.667,.077,.154,.077,0.462,0.0,13.0,.235,.710,.426,0.284,0.068,68.0,.270,.807,.492,26.0,7.0,122,.203,.570,.313,21.0,3.0,64,,,,,,,,
822901,2026-05-12T00:05:00Z,Globe Life Field,AZ,TEX,656464,Kevin Ginkel,L,543135,Nathan Eovaldi,,,,,,,,,0,0,0,0,0,.000,.000,,,,,,,,,,,,,.270,.807,.492,26.0,7.0,122,.203,.570,.313,21.0,3.0,64,,,,,,,,
822901,2026-05-12T00:05:00Z,Globe Life Field,AZ,TEX,805299,Brandyn Garcia,L,543135,Nathan Eovaldi,,,,,,,,,0,0,0,0,0,.000,.000,,,,,,,,,,,,,.270,.807,.492,26.0,7.0,122,.203,.570,.313,21.0,3.0,64,,,,,,,,
822901,2026-05-12T00:05:00Z,Globe Life Field,AZ,TEX,699912,Jose Fernandez,R,543135,Nathan Eovaldi,,,,,,,,,0,0,0,0,0,.000,.000,.276,.633,.310,0.258,0.065,29.0,.292,.773,.444,0.237,0.039,72.0,.270,.807,.492,26.0,7.0,122,.203,.570,.313,21.0,3.0,64,,,,,,,,
822901,2026-05-12T00:05:00Z,Globe Life Field,AZ,TEX,672515,Gabriel Moreno,R,543135,Nathan Eovaldi,,,,,,,,,1,0,0,0,0,.000,.000,.200,.635,.400,0.176,0.059,15.0,.234,.670,.362,0.231,0.077,47.0,.270,.807,.492,26.0,7.0,122,.203,.570,.313,21.0,3.0,64,,,,,,,,
822901,2026-05-12T00:05:00Z,Globe Life Field,AZ,TEX,543510,James McCann,R,543135,Nathan Eovaldi,,,,,,,,,2,1,0,1,0,.500,1.000,.179,.393,.214,0.179,0.0,28.0,.222,.546,.296,0.4,0.033,27.0,.270,.807,.492,26.0,7.0,122,.203,.570,.313,21.0,3.0,64,,,,,,,,
822901,2026-05-12T00:05:00Z,Globe Life Field,AZ,TEX,682998,Corbin Carroll,L,543135,Nathan Eovaldi,,,,,,,,,8,3,1,4,0,.375,1.250,.392,1.076,.647,0.196,0.071,51.0,.173,.701,.395,0.286,0.143,81.0,.270,.807,.492,26.0,7.0,122,.203,.570,.313,21.0,3.0,64,,,,,,,,
822901,2026-05-12T00:05:00Z,Globe Life Field,AZ,TEX,571448,Nolan Arenado,R,543135,Nathan Eovaldi,,,,,,,,,10,3,0,1,0,.300,.700,.222,.615,.333,0.179,0.077,36.0,.284,.817,.477,0.216,0.072,88.0,.270,.807,.492,26.0,7.0,122,.203,.570,.313,21.0,3.0,64,,,,,,,,
822901,2026-05-12T00:05:00Z,Globe Life Field,AZ,TEX,647336,Michael Soroka,R,543135,Nathan Eovaldi,,,,,,,,,0,0,0,0,0,.000,.000,,,,,,,,,,,,,.270,.807,.492,26.0,7.0,122,.203,.570,.313,21.0,3.0,64,,,,,,,,
822901,2026-05-12T00:05:00Z,Globe Life Field,AZ,TEX,623149,Paul Sewald,R,543135,Nathan Eovaldi,,,,,,,,,0,0,0,0,0,.000,.000,,,,,,,,,,,,,.270,.807,.492,26.0,7.0,122,.203,.570,.313,21.0,3.0,64,,,,,,,,
822901,2026-05-12T00:05:00Z,Globe Life Field,AZ,TEX,672695,Geraldo Perdomo,S,543135,Nathan Eovaldi,,,,,,,,,5,3,1,0,0,.600,1.800,.244,.779,.439,0.098,0.137,41.0,.207,.654,.317,0.141,0.162,82.0,.270,.807,.492,26.0,7.0,122,.203,.570,.313,21.0,3.0,64,,,,,,,,
822901,2026-05-12T00:05:00Z,Globe Life Field,AZ,TEX,606466,Ketel Marte,S,543135,Nathan Eovaldi,,,,,,,,,7,0,0,1,0,.000,.125,.279,.683,.372,0.2,0.044,43.0,.184,.619,.369,0.188,0.08,103.0,.270,.807,.492,26.0,7.0,122,.203,.570,.313,21.0,3.0,64,,,,,,,,
822901,2026-05-12T00:05:00Z,Globe Life Field,AZ,TEX,666971,Lourdes Gurriel Jr.,R,543135,Nathan Eovaldi,,,,,,,,,21,7,2,4,2,.333,1.010,.333,.775,.400,0.188,0.062,15.0,.175,.467,.200,0.178,0.111,40.0,.270,.807,.492,26.0,7.0,122,.203,.570,.313,21.0,3.0,64,,,,,,,,
822901,2026-05-12T00:05:00Z,Globe Life Field,AZ,TEX,545121,Ildemaro Vargas,S,543135,Nathan Eovaldi,,,,,,,,,2,0,0,0,0,.000,.000,.341,1.000,.659,0.089,0.0,44.0,.341,.903,.524,0.114,0.057,82.0,.270,.807,.492,26.0,7.0,122,.203,.570,.313,21.0,3.0,64,,,,,,,,
822901,2026-05-12T00:05:00Z,Globe Life Field,AZ,TEX,666661,Juan Morillo,R,543135,Nathan Eovaldi,,,,,,,,,0,0,0,0,0,.000,.000,,,,,,,,,,,,,.270,.807,.492,26.0,7.0,122,.203,.570,.313,21.0,3.0,64,,,,,,,,
822901,2026-05-12T00:05:00Z,Globe Life Field,AZ,TEX,518876,Merrill Kelly,R,543135,Nathan Eovaldi,,,,,,,,,0,0,0,0,0,.000,.000,,,,,,,,,,,,,.270,.807,.492,26.0,7.0,122,.203,.570,.313,21.0,3.0,64,,,,,,,,
822901,2026-05-12T00:05:00Z,Globe Life Field,AZ,TEX,642528,Jonathan Loáisiga,R,543135,Nathan Eovaldi,,,,,,,,,0,0,0,0,0,.000,.000,,,,,,,,,,,,,.270,.807,.492,26.0,7.0,122,.203,.570,.313,21.0,3.0,64,,,,,,,,
822901,2026-05-12T00:05:00Z,Globe Life Field,AZ,TEX,694374,Tim Tawa,R,543135,Nathan Eovaldi,,,,,,,,,0,0,0,0,0,.000,.000,.118,.521,.235,0.182,0.182,17.0,.172,.495,.276,0.219,0.062,29.0,.270,.807,.492,26.0,7.0,122,.203,.570,.313,21.0,3.0,64,,,,,,,,
822901,2026-05-12T00:05:00Z,Globe Life Field,AZ,TEX,657044,Ryan Thompson,R,543135,Nathan Eovaldi,,,,,,,,,0,0,0,0,0,.000,.000,,,,,,,,,,,,,.270,.807,.492,26.0,7.0,122,.203,.570,.313,21.0,3.0,64,,,,,,,,
822901,2026-05-12T00:05:00Z,Globe Life Field,AZ,TEX,814439,Ryan Waldschmidt,R,543135,Nathan Eovaldi,,,,,,,,,0,0,0,0,0,.000,.000,.500,1.000,.500,0.25,0.0,4.0,.250,.750,.500,0.75,0.0,4.0,.270,.807,.492,26.0,7.0,122,.203,.570,.313,21.0,3.0,64,,,,,,,,
822901,2026-05-12T00:05:00Z,Globe Life Field,AZ,TEX,669194,Ryne Nelson,R,543135,Nathan Eovaldi,,,,,,,,,0,0,0,0,0,.000,.000,,,,,,,,,,,,,.270,.807,.492,26.0,7.0,122,.203,.570,.313,21.0,3.0,64,,,,,,,,
822901,2026-05-12T00:05:00Z,Globe Life Field,AZ,TEX,664199,Taylor Clarke,R,543135,Nathan Eovaldi,,,,,,,,,0,0,0,0,0,.000,.000,,,,,,,,,,,,,.270,.807,.492,26.0,7.0,122,.203,.570,.313,21.0,3.0,64,,,,,,,,
822901,2026-05-12T00:05:00Z,Globe Life Field,AZ,TEX,668678,Zac Gallen,R,543135,Nathan Eovaldi,,,,,,,,,0,0,0,0,0,.000,.000,,,,,,,,,,,,,.270,.807,.492,26.0,7.0,122,.203,.570,.313,21.0,3.0,64,,,,,,,,
822901,2026-05-12T00:05:00Z,Globe Life Field,TEX,AZ,696030,Alejandro Osuna,L,647336,Michael Soroka,,,,,,,,,2,0,0,0,0,.000,.000,.500,1.167,.500,0.333,0.333,2.0,.259,.708,.296,0.176,0.147,27.0,.337,.906,.500,22.0,7.0,86,.210,.613,.355,20.0,4.0,62,,,,,,,,
822901,2026-05-12T00:05:00Z,Globe Life Field,TEX,AZ,668390,Cole Winn,R,647336,Michael Soroka,,,,,,,,,0,0,0,0,0,.000,.000,,,,,,,,,,,,,.337,.906,.500,22.0,7.0,86,.210,.613,.355,20.0,4.0,62,,,,,,,,
822901,2026-05-12T00:05:00Z,Globe Life Field,TEX,AZ,669394,Jake Burger,R,647336,Michael Soroka,,,,,,,,,3,0,0,1,1,.000,.250,.233,.627,.333,0.294,0.088,30.0,.202,.598,.370,0.268,0.024,119.0,.337,.906,.500,22.0,7.0,86,.210,.613,.355,20.0,4.0,62,,,,,,,,
822901,2026-05-12T00:05:00Z,Globe Life Field,TEX,AZ,615698,Cal Quantrill,L,647336,Michael Soroka,,,,,,,,,2,0,0,1,0,.000,.000,,,,,,,,,,,,,.337,.906,.500,22.0,7.0,86,.210,.613,.355,20.0,4.0,62,,,,,,,,
822901,2026-05-12T00:05:00Z,Globe Life Field,TEX,AZ,694497,Evan Carter,L,647336,Michael Soroka,,,,,,,,,2,0,0,2,0,.000,.000,.043,.197,.043,0.37,0.111,23.0,.208,.759,.417,0.185,0.16,96.0,.337,.906,.500,22.0,7.0,86,.210,.613,.355,20.0,4.0,62,,,,,,,,
822901,2026-05-12T00:05:00Z,Globe Life Field,TEX,AZ,677649,Ezequiel Duran,R,647336,Michael Soroka,,,,,,,,,0,0,0,0,0,.000,.000,.167,.570,.222,0.13,0.217,18.0,.315,.870,.507,0.222,0.074,73.0,.337,.906,.500,22.0,7.0,86,.210,.613,.355,20.0,4.0,62,,,,,,,,
822901,2026-05-12T00:05:00Z,Globe Life Field,TEX,AZ,656641,Jacob Latz,R,647336,Michael Soroka,,,,,,,,,0,0,0,0,0,.000,.000,,,,,,,,,,,,,.337,.906,.500,22.0,7.0,86,.210,.613,.355,20.0,4.0,62,,,,,,,,
822901,2026-05-12T00:05:00Z,Globe Life Field,TEX,AZ,608369,Corey Seager,L,647336,Michael Soroka,,,,,,,,,4,0,0,1,2,.000,.333,.167,.461,.190,0.354,0.125,42.0,.204,.767,.456,0.246,0.131,103.0,.337,.906,.500,22.0,7.0,86,.210,.613,.355,20.0,4.0,62,,,,,,,,
822901,2026-05-12T00:05:00Z,Globe Life Field,TEX,AZ,686560,Gavin Collyer,R,647336,Michael Soroka,,,,,,,,,0,0,0,0,0,.000,.000,,,,,,,,,,,,,.337,.906,.500,22.0,7.0,86,.210,.613,.355,20.0,4.0,62,,,,,,,,
822901,2026-05-12T00:05:00Z,Globe Life Field,TEX,AZ,683004,Jack Leiter,R,647336,Michael Soroka,,,,,,,,,0,0,0,0,0,.000,.000,,,,,,,,,,,,,.337,.906,.500,22.0,7.0,86,.210,.613,.355,20.0,4.0,62,,,,,,,,
822901,2026-05-12T00:05:00Z,Globe Life Field,TEX,AZ,457705,Andrew McCutchen,R,647336,Michael Soroka,,,,,,,,,1,0,0,0,2,.000,.500,.226,.701,.387,0.2,0.114,31.0,.217,.486,.217,0.462,0.077,23.0,.337,.906,.500,22.0,7.0,86,.210,.613,.355,20.0,4.0,62,,,,,,,,
822901,2026-05-12T00:05:00Z,Globe Life Field,TEX,AZ,592626,Joc Pederson,L,647336,Michael Soroka,,,,,,,,,5,3,1,0,0,.600,1.800,.000,.200,.000,0.2,0.2,4.0,.238,.688,.345,0.235,0.137,84.0,.337,.906,.500,22.0,7.0,86,.210,.613,.355,20.0,4.0,62,,,,,,,,
822901,2026-05-12T00:05:00Z,Globe Life Field,TEX,AZ,643376,Danny Jansen,R,647336,Michael Soroka,,,,,,,,,2,0,0,0,0,.000,.000,.222,.642,.278,0.273,0.136,18.0,.185,.618,.354,0.288,0.068,65.0,.337,.906,.500,22.0,7.0,86,.210,.613,.355,20.0,4.0,62,,,,,,,,
822901,2026-05-12T00:05:00Z,Globe Life Field,TEX,AZ,607043,Brandon Nimmo,L,647336,Michael Soroka,,,,,,,,,14,4,1,1,1,.286,.833,.311,.800,.467,0.229,0.042,45.0,.262,.770,.398,0.174,0.124,103.0,.337,.906,.500,22.0,7.0,86,.210,.613,.355,20.0,4.0,62,,,,,,,,
822901,2026-05-12T00:05:00Z,Globe Life Field,TEX,AZ,594798,Jacob deGrom,L,647336,Michael Soroka,,,,,,,,,4,0,0,0,0,.000,.000,,,,,,,,,,,,,.337,.906,.500,22.0,7.0,86,.210,.613,.355,20.0,4.0,62,,,,,,,,
822901,2026-05-12T00:05:00Z,Globe Life Field,TEX,AZ,673962,Josh Jung,R,647336,Michael Soroka,,,,,,,,,0,0,0,0,0,.000,.000,.200,.661,.367,0.118,0.118,30.0,.367,.976,.569,0.161,0.051,109.0,.337,.906,.500,22.0,7.0,86,.210,.613,.355,20.0,4.0,62,,,,,,,,
822901,2026-05-12T00:05:00Z,Globe Life Field,TEX,AZ,596001,Jakob Junis,R,647336,Michael Soroka,,,,,,,,,0,0,0,0,0,.000,.000,,,,,,,,,,,,,.337,.906,.500,22.0,7.0,86,.210,.613,.355,20.0,4.0,62,,,,,,,,
822901,2026-05-12T00:05:00Z,Globe Life Field,TEX,AZ,677958,Kumar Rocker,R,647336,Michael Soroka,,,,,,,,,0,0,0,0,0,.000,.000,,,,,,,,,,,,,.337,.906,.500,22.0,7.0,86,.210,.613,.355,20.0,4.0,62,,,,,,,,
822901,2026-05-12T00:05:00Z,Globe Life Field,TEX,AZ,679822,Justin Foscue,R,647336,Michael Soroka,,,,,,,,,0,0,0,0,0,.000,.000,1.000,2.000,1.000,0.0,0.0,1.0,.111,.555,.444,0.222,0.0,9.0,.337,.906,.500,22.0,7.0,86,.210,.613,.355,20.0,4.0,62,,,,,,,,
822901,2026-05-12T00:05:00Z,Globe Life Field,TEX,AZ,656222,Jalen Beeks,L,647336,Michael Soroka,,,,,,,,,0,0,0,0,0,.000,.000,,,,,,,,,,,,,.337,.906,.500,22.0,7.0,86,.210,.613,.355,20.0,4.0,62,,,,,,,,
822901,2026-05-12T00:05:00Z,Globe Life Field,TEX,AZ,669022,MacKenzie Gore,L,647336,Michael Soroka,,,,,,,,,0,0,0,0,0,.000,.000,,,,,,,,,,,,,.337,.906,.500,22.0,7.0,86,.210,.613,.355,20.0,4.0,62,,,,,,,,
822901,2026-05-12T00:05:00Z,Globe Life Field,TEX,AZ,543135,Nathan Eovaldi,R,647336,Michael Soroka,,,,,,,,,0,0,0,0,0,.000,.000,,,,,,,,,,,,,.337,.906,.500,22.0,7.0,86,.210,.613,.355,20.0,4.0,62,,,,,,,,
822901,2026-05-12T00:05:00Z,Globe Life Field,TEX,AZ,682608,Peyton Gray,R,647336,Michael Soroka,,,,,,,,,0,0,0,0,0,.000,.000,,,,,,,,,,,,,.337,.906,.500,22.0,7.0,86,.210,.613,.355,20.0,4.0,62,,,,,,,,
822901,2026-05-12T00:05:00Z,Globe Life Field,TEX,AZ,641302,Tyler Alexander,R,647336,Michael Soroka,,,,,,,,,0,0,0,0,0,.000,.000,,,,,,,,,,,,,.337,.906,.500,22.0,7.0,86,.210,.613,.355,20.0,4.0,62,,,,,,,,
822901,2026-05-12T00:05:00Z,Globe Life Field,TEX,AZ,664059,Sam Haggerty,S,647336,Michael Soroka,,,,,,,,,0,0,0,0,0,.000,.000,.174,.414,.174,0.4,0.04,23.0,.143,.286,.143,0.429,0.0,7.0,.337,.906,.500,22.0,7.0,86,.210,.613,.355,20.0,4.0,62,,,,,,,,
822901,2026-05-12T00:05:00Z,Globe Life Field,TEX,AZ,543309,Kyle Higashioka,R,647336,Michael Soroka,,,,,,,,,1,0,0,0,0,.000,.500,.333,.718,.333,0.308,0.077,12.0,.178,.527,.267,0.32,0.1,45.0,.337,.906,.500,22.0,7.0,86,.210,.613,.355,20.0,4.0,62,,,,,,,,
824199,2026-05-12T00:10:00Z,Daikin Park,SEA,HOU,695380,Alex Hoppe,R,663567,Peter Lambert,,,,,,,,,0,0,0,0,0,.000,.000,,,,,,,,,,,,,.140,.443,.160,18.0,9.0,50,.267,.700,.367,5.0,2.0,30,,,,,,,,
824199,2026-05-12T00:10:00Z,Daikin Park,SEA,HOU,663728,Cal Raleigh,S,663567,Peter Lambert,,,,,,,,,2,0,0,1,0,.000,.000,.136,.405,.205,0.32,0.08,44.0,.171,.644,.381,0.314,0.11,105.0,.140,.443,.160,18.0,9.0,50,.267,.700,.367,5.0,2.0,30,,,,,,,,
824199,2026-05-12T00:10:00Z,Daikin Park,SEA,HOU,662253,Andrés Muñoz,R,663567,Peter Lambert,,,,,,,,,0,0,0,0,0,.000,.000,,,,,,,,,,,,,.140,.443,.160,18.0,9.0,50,.267,.700,.367,5.0,2.0,30,,,,,,,,
824199,2026-05-12T00:10:00Z,Daikin Park,SEA,HOU,680977,Brendan Donovan,L,663567,Peter Lambert,,,,,,,,,0,0,0,0,0,.000,.000,.182,.399,.182,0.261,0.043,22.0,.318,1.057,.591,0.121,0.138,44.0,.140,.443,.160,18.0,9.0,50,.267,.700,.367,5.0,2.0,30,,,,,,,,
824199,2026-05-12T00:10:00Z,Daikin Park,SEA,HOU,702284,Cole Young,L,663567,Peter Lambert,,,,,,,,,0,0,0,0,0,.000,.000,.260,.736,.440,0.222,0.019,50.0,.258,.699,.344,0.252,0.112,93.0,.140,.443,.160,18.0,9.0,50,.267,.700,.367,5.0,2.0,30,,,,,,,,
824199,2026-05-12T00:10:00Z,Daikin Park,SEA,HOU,676106,Emerson Hancock,R,663567,Peter Lambert,,,,,,,,,0,0,0,0,0,.000,.000,,,,,,,,,,,,,.140,.443,.160,18.0,9.0,50,.267,.700,.367,5.0,2.0,30,,,,,,,,
824199,2026-05-12T00:10:00Z,Daikin Park,SEA,HOU,693433,Bryan Woo,R,663567,Peter Lambert,,,,,,,,,0,0,0,0,0,.000,.000,,,,,,,,,,,,,.140,.443,.160,18.0,9.0,50,.267,.700,.367,5.0,2.0,30,,,,,,,,
824199,2026-05-12T00:10:00Z,Daikin Park,SEA,HOU,681867,Cooper Criswell,R,663567,Peter Lambert,,,,,,,,,0,0,0,0,0,.000,.000,,,,,,,,,,,,,.140,.443,.160,18.0,9.0,50,.267,.700,.367,5.0,2.0,30,,,,,,,,
824199,2026-05-12T00:10:00Z,Daikin Park,SEA,HOU,686527,Dominic Canzone,L,663567,Peter Lambert,,,,,,,,,0,0,0,0,0,.000,.000,.000,.333,.000,0.333,0.333,4.0,.267,.805,.480,0.217,0.072,75.0,.140,.443,.160,18.0,9.0,50,.267,.700,.367,5.0,2.0,30,,,,,,,,
824199,2026-05-12T00:10:00Z,Daikin Park,SEA,HOU,641487,J.P. Crawford,L,663567,Peter Lambert,,,,,,,,,2,1,0,1,0,.500,2.000,.171,.613,.257,0.111,0.2,35.0,.218,.737,.372,0.188,0.177,78.0,.140,.443,.160,18.0,9.0,50,.267,.700,.367,5.0,2.0,30,,,,,,,,
824199,2026-05-12T00:10:00Z,Daikin Park,SEA,HOU,647304,Josh Naylor,L,663567,Peter Lambert,,,,,,,,,3,1,0,0,1,.333,1.167,.209,.472,.233,0.217,0.043,43.0,.274,.790,.443,0.136,0.093,106.0,.140,.443,.160,18.0,9.0,50,.267,.700,.367,5.0,2.0,30,,,,,,,,
824199,2026-05-12T00:10:00Z,Daikin Park,SEA,HOU,660825,Eduard Bazardo,R,663567,Peter Lambert,,,,,,,,,0,0,0,0,0,.000,.000,,,,,,,,,,,,,.140,.443,.160,18.0,9.0,50,.267,.700,.367,5.0,2.0,30,,,,,,,,
824199,2026-05-12T00:10:00Z,Daikin Park,SEA,HOU,681006,Josh Simpson,L,663567,Peter Lambert,,,,,,,,,0,0,0,0,0,.000,.000,,,,,,,,,,,,,.140,.443,.160,18.0,9.0,50,.267,.700,.367,5.0,2.0,30,,,,,,,,
824199,2026-05-12T00:10:00Z,Daikin Park,SEA,HOU,656582,Connor Joe,R,663567,Peter Lambert,,,,,,,,,0,0,0,0,1,.000,1.000,.200,.761,.467,0.353,0.118,15.0,.300,.764,.400,0.091,0.091,10.0,.140,.443,.160,18.0,9.0,50,.267,.700,.367,5.0,2.0,30,,,,,,,,
824199,2026-05-12T00:10:00Z,Daikin Park,SEA,HOU,678606,José A. Ferrer,L,663567,Peter Lambert,,,,,,,,,0,0,0,0,0,.000,.000,,,,,,,,,,,,,.140,.443,.160,18.0,9.0,50,.267,.700,.367,5.0,2.0,30,,,,,,,,
824199,2026-05-12T00:10:00Z,Daikin Park,SEA,HOU,669302,Logan Gilbert,R,663567,Peter Lambert,,,,,,,,,0,0,0,0,0,.000,.000,,,,,,,,,,,,,.140,.443,.160,18.0,9.0,50,.267,.700,.367,5.0,2.0,30,,,,,,,,
824199,2026-05-12T00:10:00Z,Daikin Park,SEA,HOU,660761,José Suarez,L,663567,Peter Lambert,,,,,,,,,0,0,0,0,0,.000,.000,,,,,,,,,,,,,.140,.443,.160,18.0,9.0,50,.267,.700,.367,5.0,2.0,30,,,,,,,,
824199,2026-05-12T00:10:00Z,Daikin Park,SEA,HOU,677594,Julio Rodríguez,R,663567,Peter Lambert,,,,,,,,,2,1,0,1,0,.500,1.000,.286,1.018,.643,0.208,0.125,42.0,.267,.681,.358,0.238,0.062,120.0,.140,.443,.160,18.0,9.0,50,.267,.700,.367,5.0,2.0,30,,,,,,,,
824199,2026-05-12T00:10:00Z,Daikin Park,SEA,HOU,669923,George Kirby,R,663567,Peter Lambert,,,,,,,,,0,0,0,0,0,.000,.000,,,,,,,,,,,,,.140,.443,.160,18.0,9.0,50,.267,.700,.367,5.0,2.0,30,,,,,,,,
824199,2026-05-12T00:10:00Z,Daikin Park,SEA,HOU,660844,Leo Rivas,S,663567,Peter Lambert,,,,,,,,,0,0,0,0,0,.000,.000,.069,.309,.103,0.222,0.139,29.0,.175,.525,.222,0.342,0.118,63.0,.140,.443,.160,18.0,9.0,50,.267,.700,.367,5.0,2.0,30,,,,,,,,
824199,2026-05-12T00:10:00Z,Daikin Park,SEA,HOU,670042,Luke Raley,L,663567,Peter Lambert,,,,,,,,,3,3,1,0,0,1.000,3.667,.250,.500,.250,0.25,0.0,4.0,.253,.879,.568,0.385,0.058,95.0,.140,.443,.160,18.0,9.0,50,.267,.700,.367,5.0,2.0,30,,,,,,,,
824199,2026-05-12T00:10:00Z,Daikin Park,SEA,HOU,622491,Luis Castillo,R,663567,Peter Lambert,,,,,,,,,0,0,0,0,0,.000,.000,,,,,,,,,,,,,.140,.443,.160,18.0,9.0,50,.267,.700,.367,5.0,2.0,30,,,,,,,,
824199,2026-05-12T00:10:00Z,Daikin Park,SEA,HOU,689546,Nick Davila,R,663567,Peter Lambert,,,,,,,,,0,0,0,0,0,.000,.000,,,,,,,,,,,,,.140,.443,.160,18.0,9.0,50,.267,.700,.367,5.0,2.0,30,,,,,,,,
824199,2026-05-12T00:10:00Z,Daikin Park,SEA,HOU,668227,Randy Arozarena,R,663567,Peter Lambert,,,,,,,,,2,0,0,2,1,.000,.333,.275,.808,.475,0.267,0.067,40.0,.280,.774,.393,0.23,0.111,107.0,.140,.443,.160,18.0,9.0,50,.267,.700,.367,5.0,2.0,30,,,,,,,,
824199,2026-05-12T00:10:00Z,Daikin Park,SEA,HOU,641598,Mitch Garver,R,663567,Peter Lambert,,,,,,,,,0,0,0,0,0,.000,.000,.261,.718,.304,0.207,0.207,23.0,.080,.338,.080,0.387,0.194,25.0,.140,.443,.160,18.0,9.0,50,.267,.700,.367,5.0,2.0,30,,,,,,,,
824199,2026-05-12T00:10:00Z,Daikin Park,SEA,HOU,608701,Rob Refsnyder,R,663567,Peter Lambert,,,,,,,,,0,0,0,0,0,.000,.000,.098,.414,.244,0.277,0.085,41.0,.222,.522,.222,0.2,0.1,9.0,.140,.443,.160,18.0,9.0,50,.267,.700,.367,5.0,2.0,30,,,,,,,,
824199,2026-05-12T00:10:00Z,Daikin Park,HOU,SEA,687911,Bryan King,R,669923,George Kirby,,,,,,,,,0,0,0,0,0,.000,.000,,,,,,,,,,,,,.202,.551,.263,20.0,11.0,99,.275,.686,.396,19.0,1.0,91,,,,,,,,
824199,2026-05-12T00:10:00Z,Daikin Park,HOU,SEA,660853,Enyel De Los Santos,R,669923,George Kirby,,,,,,,,,0,0,0,0,0,.000,.000,,,,,,,,,,,,,.202,.551,.263,20.0,11.0,99,.275,.686,.396,19.0,1.0,91,,,,,,,,
824199,2026-05-12T00:10:00Z,Daikin Park,HOU,SEA,675989,Cody Bolton,R,669923,George Kirby,,,,,,,,,0,0,0,0,0,.000,.000,,,,,,,,,,,,,.202,.551,.263,20.0,11.0,99,.275,.686,.396,19.0,1.0,91,,,,,,,,
824199,2026-05-12T00:10:00Z,Daikin Park,HOU,SEA,663967,César Salazar,L,669923,George Kirby,,,,,,,,,0,0,0,0,0,.000,.000,.200,.400,.200,0.0,0.0,5.0,.000,.000,.000,0.0,0.0,1.0,.202,.551,.263,20.0,11.0,99,.275,.686,.396,19.0,1.0,91,,,,,,,,
824199,2026-05-12T00:10:00Z,Daikin Park,HOU,SEA,572233,Christian Walker,R,669923,George Kirby,,,,,,,,,8,1,0,3,0,.125,.250,.200,.770,.429,0.205,0.159,35.0,.307,.911,.553,0.171,0.065,114.0,.202,.551,.263,20.0,11.0,99,.275,.686,.396,19.0,1.0,91,,,,,,,,
824199,2026-05-12T00:10:00Z,Daikin Park,HOU,SEA,681347,Mike Burrows,R,669923,George Kirby,,,,,,,,,0,0,0,0,0,.000,.000,,,,,,,,,,,,,.202,.551,.263,20.0,11.0,99,.275,.686,.396,19.0,1.0,91,,,,,,,,
824199,2026-05-12T00:10:00Z,Daikin Park,HOU,SEA,694728,Brice Matthews,R,669923,George Kirby,,,,,,,,,0,0,0,0,0,.000,.000,.184,.646,.421,0.35,0.05,38.0,.234,.741,.426,0.327,0.109,47.0,.202,.551,.263,20.0,11.0,99,.275,.686,.396,19.0,1.0,91,,,,,,,,
824199,2026-05-12T00:10:00Z,Daikin Park,HOU,SEA,670623,Isaac Paredes,R,669923,George Kirby,,,,,,,,,13,4,0,6,0,.308,.616,.300,.816,.425,0.13,0.087,40.0,.236,.693,.360,0.176,0.098,89.0,.202,.551,.263,20.0,11.0,99,.275,.686,.396,19.0,1.0,91,,,,,,,,
824199,2026-05-12T00:10:00Z,Daikin Park,HOU,SEA,669397,Nick Allen,R,669923,George Kirby,,,,,,,,,9,1,0,0,1,.111,.311,.214,.500,.286,0.143,0.0,14.0,.222,.522,.222,0.2,0.1,18.0,.202,.551,.263,20.0,11.0,99,.275,.686,.396,19.0,1.0,91,,,,,,,,
824199,2026-05-12T00:10:00Z,Daikin Park,HOU,SEA,681151,Jayden Murray,R,669923,George Kirby,,,,,,,,,0,0,0,0,0,.000,.000,,,,,,,,,,,,,.202,.551,.263,20.0,11.0,99,.275,.686,.396,19.0,1.0,91,,,,,,,,
824199,2026-05-12T00:10:00Z,Daikin Park,HOU,SEA,543877,Christian Vázquez,R,669923,George Kirby,,,,,,,,,10,2,0,2,0,.200,.500,.316,.842,.526,0.15,0.0,19.0,.271,.810,.458,0.204,0.111,48.0,.202,.551,.263,20.0,11.0,99,.275,.686,.396,19.0,1.0,91,,,,,,,,
824199,2026-05-12T00:10:00Z,Daikin Park,HOU,SEA,663567,Peter Lambert,R,669923,George Kirby,,,,,,,,,0,0,0,0,0,.000,.000,,,,,,,,,,,,,.202,.551,.263,20.0,11.0,99,.275,.686,.396,19.0,1.0,91,,,,,,,,
824199,2026-05-12T00:10:00Z,Daikin Park,HOU,SEA,678906,Kai-Wei Teng,R,669923,George Kirby,,,,,,,,,0,0,0,0,0,.000,.000,,,,,,,,,,,,,.202,.551,.263,20.0,11.0,99,.275,.686,.396,19.0,1.0,91,,,,,,,,
824199,2026-05-12T00:10:00Z,Daikin Park,HOU,SEA,621121,Lance McCullers Jr.,L,669923,George Kirby,,,,,,,,,0,0,0,0,0,.000,.000,,,,,,,,,,,,,.202,.551,.263,20.0,11.0,99,.275,.686,.396,19.0,1.0,91,,,,,,,,
824199,2026-05-12T00:10:00Z,Daikin Park,HOU,SEA,669699,Braden Shewmake,L,669923,George Kirby,,,,,,,,,0,0,0,0,0,.000,.000,.167,.334,.167,0.167,0.0,6.0,.429,1.500,1.071,0.133,0.0,14.0,.202,.551,.263,20.0,11.0,99,.275,.686,.396,19.0,1.0,91,,,,,,,,
824199,2026-05-12T00:10:00Z,Daikin Park,HOU,SEA,805123,AJ Blubaugh,R,669923,George Kirby,,,,,,,,,0,0,0,0,0,.000,.000,,,,,,,,,,,,,.202,.551,.263,20.0,11.0,99,.275,.686,.396,19.0,1.0,91,,,,,,,,
824199,2026-05-12T00:10:00Z,Daikin Park,HOU,SEA,701358,Cam Smith,R,669923,George Kirby,,,,,,,,,6,3,0,0,1,.500,1.071,.175,.519,.275,0.267,0.067,40.0,.227,.686,.371,0.286,0.107,97.0,.202,.551,.263,20.0,11.0,99,.275,.686,.396,19.0,1.0,91,,,,,,,,
824199,2026-05-12T00:10:00Z,Daikin Park,HOU,SEA,514888,Jose Altuve,R,669923,George Kirby,,,,,,,,,21,3,0,0,0,.143,.317,.244,.647,.289,0.208,0.132,45.0,.242,.726,.414,0.182,0.091,99.0,.202,.551,.263,20.0,11.0,99,.275,.686,.396,19.0,1.0,91,,,,,,,,
824199,2026-05-12T00:10:00Z,Daikin Park,HOU,SEA,701121,Logan VanWey,R,669923,George Kirby,,,,,,,,,0,0,0,0,0,.000,.000,,,,,,,,,,,,,.202,.551,.263,20.0,11.0,99,.275,.686,.396,19.0,1.0,91,,,,,,,,
824199,2026-05-12T00:10:00Z,Daikin Park,HOU,SEA,650556,Bryan Abreu,R,669923,George Kirby,,,,,,,,,0,0,0,0,0,.000,.000,,,,,,,,,,,,,.202,.551,.263,20.0,11.0,99,.275,.686,.396,19.0,1.0,91,,,,,,,,
824199,2026-05-12T00:10:00Z,Daikin Park,HOU,SEA,694376,Shay Whitcomb,R,669923,George Kirby,,,,,,,,,2,0,0,0,0,.000,.000,.000,.000,.000,0.6,0.0,5.0,.200,.773,.500,0.545,0.091,10.0,.202,.551,.263,20.0,11.0,99,.275,.686,.396,19.0,1.0,91,,,,,,,,
824199,2026-05-12T00:10:00Z,Daikin Park,HOU,SEA,701305,Zach Dezenzo,R,669923,George Kirby,,,,,,,,,0,0,0,0,0,.000,.000,.200,1.000,.800,0.2,0.0,5.0,.000,.000,.000,0.333,0.0,3.0,.202,.551,.263,20.0,11.0,99,.275,.686,.396,19.0,1.0,91,,,,,,,,
824199,2026-05-12T00:10:00Z,Daikin Park,HOU,SEA,681293,Spencer Arrighetti,R,669923,George Kirby,,,,,,,,,0,0,0,0,0,.000,.000,,,,,,,,,,,,,.202,.551,.263,20.0,11.0,99,.275,.686,.396,19.0,1.0,91,,,,,,,,
824199,2026-05-12T00:10:00Z,Daikin Park,HOU,SEA,670541,Yordan Alvarez,L,669923,George Kirby,,,,,,,,,17,3,0,6,1,.176,.457,.322,1.040,.661,0.152,0.045,59.0,.315,1.077,.630,0.14,0.184,92.0,.202,.551,.263,20.0,11.0,99,.275,.686,.396,19.0,1.0,91,,,,,,,,
824199,2026-05-12T00:10:00Z,Daikin Park,HOU,SEA,805904,Zach Cole,L,669923,George Kirby,,,,,,,,,0,0,0,0,0,.000,.000,.000,.000,.000,0.75,0.0,4.0,.364,1.364,1.000,0.273,0.0,11.0,.202,.551,.263,20.0,11.0,99,.275,.686,.396,19.0,1.0,91,,,,,,,,
824199,2026-05-12T00:10:00Z,Daikin Park,HOU,SEA,595345,Steven Okert,L,669923,George Kirby,,,,,,,,,0,0,0,0,0,.000,.000,,,,,,,,,,,,,.202,.551,.263,20.0,11.0,99,.275,.686,.396,19.0,1.0,91,,,,,,,,
823953,2026-05-12T02:10:00Z,UNIQLO Field at Dodger Stadium,SF,LAD,605288,Adrian Houser,R,808963,Roki Sasaki,,,,,,,,,0,0,0,0,0,.000,.000,,,,,,,,,,,,,.288,.888,.507,16.0,11.0,73,.286,1.031,.643,10.0,4.0,42,,,,,,,,
823953,2026-05-12T02:10:00Z,UNIQLO Field at Dodger Stadium,SF,LAD,668873,Caleb Kilian,R,808963,Roki Sasaki,,,,,,,,,0,0,0,0,0,.000,.000,,,,,,,,,,,,,.288,.888,.507,16.0,11.0,73,.286,1.031,.643,10.0,4.0,42,,,,,,,,
823953,2026-05-12T02:10:00Z,UNIQLO Field at Dodger Stadium,SF,LAD,671218,Heliot Ramos,R,808963,Roki Sasaki,,,,,,,,,0,0,0,0,0,.000,.000,.324,.943,.568,0.3,0.075,37.0,.255,.675,.391,0.276,0.043,110.0,.288,.888,.507,16.0,11.0,73,.286,1.031,.643,10.0,4.0,42,,,,,,,,
823953,2026-05-12T02:10:00Z,UNIQLO Field at Dodger Stadium,SF,LAD,606992,Eric Haase,R,808963,Roki Sasaki,,,,,,,,,0,0,0,0,0,.000,.000,.200,.600,.400,0.0,0.0,5.0,.333,.777,.444,0.333,0.0,9.0,.288,.888,.507,16.0,11.0,73,.286,1.031,.643,10.0,4.0,42,,,,,,,,
823953,2026-05-12T02:10:00Z,UNIQLO Field at Dodger Stadium,SF,LAD,805811,Bryce Eldridge,L,808963,Roki Sasaki,,,,,,,,,0,0,0,0,0,.000,.000,.000,.000,.000,1.0,0.0,2.0,.167,.703,.417,0.214,0.143,12.0,.288,.888,.507,16.0,11.0,73,.286,1.031,.643,10.0,4.0,42,,,,,,,,
823953,2026-05-12T02:10:00Z,UNIQLO Field at Dodger Stadium,SF,LAD,683766,Christian Koss,R,808963,Roki Sasaki,,,,,,,,,0,0,0,0,0,.000,.000,.000,.000,.000,0.0,0.0,3.0,.091,.349,.182,0.167,0.0,11.0,.288,.888,.507,16.0,11.0,73,.286,1.031,.643,10.0,4.0,42,,,,,,,,
823953,2026-05-12T02:10:00Z,UNIQLO Field at Dodger Stadium,SF,LAD,683679,Jesus Rodriguez,R,808963,Roki Sasaki,,,,,,,,,0,0,0,0,0,.000,.000,.333,.666,.333,0.0,0.0,3.0,.357,.971,.571,0.133,0.0,14.0,.288,.888,.507,16.0,11.0,73,.286,1.031,.643,10.0,4.0,42,,,,,,,,
823953,2026-05-12T02:10:00Z,UNIQLO Field at Dodger Stadium,SF,LAD,681916,Dylan Smith,R,808963,Roki Sasaki,,,,,,,,,0,0,0,0,0,.000,.000,,,,,,,,,,,,,.288,.888,.507,16.0,11.0,73,.286,1.031,.643,10.0,4.0,42,,,,,,,,
823953,2026-05-12T02:10:00Z,UNIQLO Field at Dodger Stadium,SF,LAD,669477,Casey Schmitt,R,808963,Roki Sasaki,,,,,,,,,0,0,0,0,0,.000,.000,.350,.881,.500,0.167,0.024,40.0,.253,.826,.518,0.22,0.044,83.0,.288,.888,.507,16.0,11.0,73,.286,1.031,.643,10.0,4.0,42,,,,,,,,
823953,2026-05-12T02:10:00Z,UNIQLO Field at Dodger Stadium,SF,LAD,666711,Joel Peguero,R,808963,Roki Sasaki,,,,,,,,,0,0,0,0,0,.000,.000,,,,,,,,,,,,,.288,.888,.507,16.0,11.0,73,.286,1.031,.643,10.0,4.0,42,,,,,,,,
823953,2026-05-12T02:10:00Z,UNIQLO Field at Dodger Stadium,SF,LAD,694738,Landen Roupp,R,808963,Roki Sasaki,,,,,,,,,0,0,0,0,0,.000,.000,,,,,,,,,,,,,.288,.888,.507,16.0,11.0,73,.286,1.031,.643,10.0,4.0,42,,,,,,,,
823953,2026-05-12T02:10:00Z,UNIQLO Field at Dodger Stadium,SF,LAD,664141,JT Brubaker,R,808963,Roki Sasaki,,,,,,,,,0,0,0,0,0,.000,.000,,,,,,,,,,,,,.288,.888,.507,16.0,11.0,73,.286,1.031,.643,10.0,4.0,42,,,,,,,,
823953,2026-05-12T02:10:00Z,UNIQLO Field at Dodger Stadium,SF,LAD,687551,Drew Gilbert,L,808963,Roki Sasaki,,,,,,,,,0,0,0,0,0,.000,.000,.000,.000,.000,0.267,0.0,14.0,.294,.799,.431,0.175,0.088,51.0,.288,.888,.507,16.0,11.0,73,.286,1.031,.643,10.0,4.0,42,,,,,,,,
823953,2026-05-12T02:10:00Z,UNIQLO Field at Dodger Stadium,SF,LAD,808982,Jung Hoo Lee,L,808963,Roki Sasaki,,,,,,,,,0,0,0,0,0,.000,.000,.233,.603,.326,0.17,0.064,43.0,.286,.737,.410,0.106,0.062,105.0,.288,.888,.507,16.0,11.0,73,.286,1.031,.643,10.0,4.0,42,,,,,,,,
823953,2026-05-12T02:10:00Z,UNIQLO Field at Dodger Stadium,SF,LAD,650333,Luis Arraez,L,808963,Roki Sasaki,,,,,,,,,0,0,0,0,0,.000,.000,.235,.583,.333,0.074,0.019,51.0,.351,.803,.415,0.029,0.067,94.0,.288,.888,.507,16.0,11.0,73,.286,1.031,.643,10.0,4.0,42,,,,,,,,
823953,2026-05-12T02:10:00Z,UNIQLO Field at Dodger Stadium,SF,LAD,676775,Keaton Winn,R,808963,Roki Sasaki,,,,,,,,,0,0,0,0,0,.000,.000,,,,,,,,,,,,,.288,.888,.507,16.0,11.0,73,.286,1.031,.643,10.0,4.0,42,,,,,,,,
823953,2026-05-12T02:10:00Z,UNIQLO Field at Dodger Stadium,SF,LAD,657424,Matt Gage,L,808963,Roki Sasaki,,,,,,,,,0,0,0,0,0,.000,.000,,,,,,,,,,,,,.288,.888,.507,16.0,11.0,73,.286,1.031,.643,10.0,4.0,42,,,,,,,,
823953,2026-05-12T02:10:00Z,UNIQLO Field at Dodger Stadium,SF,LAD,656305,Matt Chapman,R,808963,Roki Sasaki,,,,,,,,,0,0,0,0,0,.000,.000,.256,.696,.349,0.245,0.122,43.0,.226,.610,.311,0.222,0.077,106.0,.288,.888,.507,16.0,11.0,73,.286,1.031,.643,10.0,4.0,42,,,,,,,,
823953,2026-05-12T02:10:00Z,UNIQLO Field at Dodger Stadium,SF,LAD,682515,Logan Porter,R,808963,Roki Sasaki,,,,,,,,,0,0,0,0,0,.000,.000,,,,,,,,,,,,,.288,.888,.507,16.0,11.0,73,.286,1.031,.643,10.0,4.0,42,,,,,,,,
823953,2026-05-12T02:10:00Z,UNIQLO Field at Dodger Stadium,SF,LAD,646240,Rafael Devers,L,808963,Roki Sasaki,,,,,,,,,0,0,0,0,0,.000,.000,.255,.650,.345,0.288,0.068,55.0,.219,.635,.375,0.308,0.058,96.0,.288,.888,.507,16.0,11.0,73,.286,1.031,.643,10.0,4.0,42,,,,,,,,
823953,2026-05-12T02:10:00Z,UNIQLO Field at Dodger Stadium,SF,LAD,592662,Robbie Ray,L,808963,Roki Sasaki,,,,,,,,,0,0,0,0,0,.000,.000,,,,,,,,,,,,,.288,.888,.507,16.0,11.0,73,.286,1.031,.643,10.0,4.0,42,,,,,,,,
823953,2026-05-12T02:10:00Z,UNIQLO Field at Dodger Stadium,SF,LAD,686790,Trevor McDonald,R,808963,Roki Sasaki,,,,,,,,,0,0,0,0,0,.000,.000,,,,,,,,,,,,,.288,.888,.507,16.0,11.0,73,.286,1.031,.643,10.0,4.0,42,,,,,,,,
823953,2026-05-12T02:10:00Z,UNIQLO Field at Dodger Stadium,SF,LAD,656529,Sam Hentges,L,808963,Roki Sasaki,,,,,,,,,0,0,0,0,0,.000,.000,,,,,,,,,,,,,.288,.888,.507,16.0,11.0,73,.286,1.031,.643,10.0,4.0,42,,,,,,,,
823953,2026-05-12T02:10:00Z,UNIQLO Field at Dodger Stadium,SF,LAD,642715,Willy Adames,R,808963,Roki Sasaki,,,,,,,,,0,0,0,0,0,.000,.000,.156,.408,.200,0.292,0.062,45.0,.230,.654,.398,0.299,0.026,113.0,.288,.888,.507,16.0,11.0,73,.286,1.031,.643,10.0,4.0,42,,,,,,,,
823953,2026-05-12T02:10:00Z,UNIQLO Field at Dodger Stadium,SF,LAD,621366,Ryan Borucki,L,808963,Roki Sasaki,,,,,,,,,0,0,0,0,0,.000,.000,,,,,,,,,,,,,.288,.888,.507,16.0,11.0,73,.286,1.031,.643,10.0,4.0,42,,,,,,,,
823953,2026-05-12T02:10:00Z,UNIQLO Field at Dodger Stadium,SF,LAD,641816,Tyler Mahle,R,808963,Roki Sasaki,,,,,,,,,0,0,0,0,0,.000,.000,,,,,,,,,,,,,.288,.888,.507,16.0,11.0,73,.286,1.031,.643,10.0,4.0,42,,,,,,,,
823953,2026-05-12T02:10:00Z,UNIQLO Field at Dodger Stadium,LAD,SF,686218,Emmet Sheehan,R,686790,Trevor McDonald,,,,,,,,,0,0,0,0,0,.000,.000,,,,,,,,,,,,,.286,1.089,.714,3.0,0.0,7,.000,.000,.000,5.0,0.0,16,,,,,,,,
823953,2026-05-12T02:10:00Z,UNIQLO Field at Dodger Stadium,LAD,SF,683618,Edgardo Henriquez,R,686790,Trevor McDonald,,,,,,,,,0,0,0,0,0,.000,.000,,,,,,,,,,,,,.286,1.089,.714,3.0,0.0,7,.000,.000,.000,5.0,0.0,16,,,,,,,,
823953,2026-05-12T02:10:00Z,UNIQLO Field at Dodger Stadium,LAD,SF,681911,Alex Vesia,L,686790,Trevor McDonald,,,,,,,,,0,0,0,0,0,.000,.000,,,,,,,,,,,,,.286,1.089,.714,3.0,0.0,7,.000,.000,.000,5.0,0.0,16,,,,,,,,
823953,2026-05-12T02:10:00Z,UNIQLO Field at Dodger Stadium,LAD,SF,595014,Blake Treinen,R,686790,Trevor McDonald,,,,,,,,,0,0,0,0,0,.000,.000,,,,,,,,,,,,,.286,1.089,.714,3.0,0.0,7,.000,.000,.000,5.0,0.0,16,,,,,,,,
823953,2026-05-12T02:10:00Z,UNIQLO Field at Dodger Stadium,LAD,SF,676263,Jack Dreyer,R,686790,Trevor McDonald,,,,,,,,,0,0,0,0,0,.000,.000,,,,,,,,,,,,,.286,1.089,.714,3.0,0.0,7,.000,.000,.000,5.0,0.0,16,,,,,,,,
823953,2026-05-12T02:10:00Z,UNIQLO Field at Dodger Stadium,LAD,SF,681624,Andy Pages,R,686790,Trevor McDonald,,,,,,,,,3,1,0,0,0,.333,.666,.323,.901,.548,0.206,0.059,31.0,.336,.959,.578,0.206,0.063,116.0,.286,1.089,.714,3.0,0.0,7,.000,.000,.000,5.0,0.0,16,,,,,,,,
823953,2026-05-12T02:10:00Z,UNIQLO Field at Dodger Stadium,LAD,SF,660271,Shohei Ohtani,L,686790,Trevor McDonald,,,,,,,,,3,1,0,1,0,.333,.666,.310,.991,.571,0.16,0.12,42.0,.212,.709,.354,0.264,0.168,99.0,.286,1.089,.714,3.0,0.0,7,.000,.000,.000,5.0,0.0,16,,,,,,,,
823953,2026-05-12T02:10:00Z,UNIQLO Field at Dodger Stadium,LAD,SF,663656,Kyle Tucker,L,686790,Trevor McDonald,,,,,,,,,0,0,0,0,0,.000,.000,.242,.719,.394,0.225,0.125,33.0,.250,.742,.393,0.194,0.132,112.0,.286,1.089,.714,3.0,0.0,7,.000,.000,.000,5.0,0.0,16,,,,,,,,
823953,2026-05-12T02:10:00Z,UNIQLO Field at Dodger Stadium,LAD,SF,808963,Roki Sasaki,R,686790,Trevor McDonald,,,,,,,,,0,0,0,0,0,.000,.000,,,,,,,,,,,,,.286,1.089,.714,3.0,0.0,7,.000,.000,.000,5.0,0.0,16,,,,,,,,
823953,2026-05-12T02:10:00Z,UNIQLO Field at Dodger Stadium,LAD,SF,669165,Kyle Hurt,R,686790,Trevor McDonald,,,,,,,,,0,0,0,0,0,.000,.000,,,,,,,,,,,,,.286,1.089,.714,3.0,0.0,7,.000,.000,.000,5.0,0.0,16,,,,,,,,
823953,2026-05-12T02:10:00Z,UNIQLO Field at Dodger Stadium,LAD,SF,687221,Dalton Rushing,L,686790,Trevor McDonald,,,,,,,,,2,0,0,1,0,.000,.000,.333,.975,.600,0.25,0.0,15.0,.292,1.058,.688,0.259,0.074,48.0,.286,1.089,.714,3.0,0.0,7,.000,.000,.000,5.0,0.0,16,,,,,,,,
823953,2026-05-12T02:10:00Z,UNIQLO Field at Dodger Stadium,LAD,SF,669743,Alex Call,R,686790,Trevor McDonald,,,,,,,,,2,1,0,0,0,.500,1.500,.500,1.267,.667,0.0,0.133,12.0,.222,.660,.296,0.182,0.182,27.0,.286,1.089,.714,3.0,0.0,7,.000,.000,.000,5.0,0.0,16,,,,,,,,
823953,2026-05-12T02:10:00Z,UNIQLO Field at Dodger Stadium,LAD,SF,571970,Max Muncy,L,686790,Trevor McDonald,,,,,,,,,2,1,0,0,1,.500,1.167,.300,.977,.633,0.281,0.062,30.0,.265,.899,.520,0.233,0.155,98.0,.286,1.089,.714,3.0,0.0,7,.000,.000,.000,5.0,0.0,16,,,,,,,,
823953,2026-05-12T02:10:00Z,UNIQLO Field at Dodger Stadium,LAD,SF,690976,Alex Freeland,S,686790,Trevor McDonald,,,,,,,,,0,0,0,0,0,.000,.000,.167,.481,.250,0.385,0.077,12.0,.244,.669,.349,0.273,0.101,86.0,.286,1.089,.714,3.0,0.0,7,.000,.000,.000,5.0,0.0,16,,,,,,,,
823953,2026-05-12T02:10:00Z,UNIQLO Field at Dodger Stadium,LAD,SF,605483,Blake Snell,L,686790,Trevor McDonald,,,,,,,,,0,0,0,0,0,.000,.000,,,,,,,,,,,,,.286,1.089,.714,3.0,0.0,7,.000,.000,.000,5.0,0.0,16,,,,,,,,
823953,2026-05-12T02:10:00Z,UNIQLO Field at Dodger Stadium,LAD,SF,808975,Hyeseong Kim,L,686790,Trevor McDonald,,,,,,,,,0,0,0,0,0,.000,.000,.125,.347,.125,0.333,0.111,8.0,.309,.794,.426,0.195,0.091,68.0,.286,1.089,.714,3.0,0.0,7,.000,.000,.000,5.0,0.0,16,,,,,,,,
823953,2026-05-12T02:10:00Z,UNIQLO Field at Dodger Stadium,LAD,SF,518692,Freddie Freeman,L,686790,Trevor McDonald,,,,,,,,,3,1,0,0,0,.333,.666,.225,.695,.400,0.159,0.068,40.0,.282,.783,.436,0.116,0.091,110.0,.286,1.089,.714,3.0,0.0,7,.000,.000,.000,5.0,0.0,16,,,,,,,,
823953,2026-05-12T02:10:00Z,UNIQLO Field at Dodger Stadium,LAD,SF,500743,Miguel Rojas,R,686790,Trevor McDonald,,,,,,,,,2,0,0,0,0,.000,.000,.323,.916,.516,0.143,0.114,31.0,.185,.364,.185,0.103,0.0,27.0,.286,1.089,.714,3.0,0.0,7,.000,.000,.000,5.0,0.0,16,,,,,,,,
823953,2026-05-12T02:10:00Z,UNIQLO Field at Dodger Stadium,LAD,SF,669289,Santiago Espinal,R,686790,Trevor McDonald,,,,,,,,,0,0,0,0,0,.000,.000,.136,.272,.136,0.174,0.0,22.0,.300,.800,.500,0.091,0.0,10.0,.286,1.089,.714,3.0,0.0,7,.000,.000,.000,5.0,0.0,16,,,,,,,,
823953,2026-05-12T02:10:00Z,UNIQLO Field at Dodger Stadium,LAD,SF,680736,Justin Wrobleski,L,686790,Trevor McDonald,,,,,,,,,0,0,0,0,0,.000,.000,,,,,,,,,,,,,.286,1.089,.714,3.0,0.0,7,.000,.000,.000,5.0,0.0,16,,,,,,,,
823953,2026-05-12T02:10:00Z,UNIQLO Field at Dodger Stadium,LAD,SF,808967,Yoshinobu Yamamoto,R,686790,Trevor McDonald,,,,,,,,,0,0,0,0,0,.000,.000,,,,,,,,,,,,,.286,1.089,.714,3.0,0.0,7,.000,.000,.000,5.0,0.0,16,,,,,,,,
823953,2026-05-12T02:10:00Z,UNIQLO Field at Dodger Stadium,LAD,SF,694361,Will Klein,R,686790,Trevor McDonald,,,,,,,,,0,0,0,0,0,.000,.000,,,,,,,,,,,,,.286,1.089,.714,3.0,0.0,7,.000,.000,.000,5.0,0.0,16,,,,,,,,
823953,2026-05-12T02:10:00Z,UNIQLO Field at Dodger Stadium,LAD,SF,656945,Tanner Scott,R,686790,Trevor McDonald,,,,,,,,,0,0,0,0,0,.000,.000,,,,,,,,,,,,,.286,1.089,.714,3.0,0.0,7,.000,.000,.000,5.0,0.0,16,,,,,,,,
823953,2026-05-12T02:10:00Z,UNIQLO Field at Dodger Stadium,LAD,SF,669257,Will Smith,R,686790,Trevor McDonald,,,,,,,,,0,0,0,0,0,.000,.000,.192,.492,.192,0.267,0.133,26.0,.282,.764,.424,0.138,0.085,85.0,.286,1.089,.714,3.0,0.0,7,.000,.000,.000,5.0,0.0,16,,,,,,,,
823953,2026-05-12T02:10:00Z,UNIQLO Field at Dodger Stadium,LAD,SF,606192,Teoscar Hernández,R,686790,Trevor McDonald,,,,,,,,,0,0,0,0,0,.000,.000,.233,.710,.300,0.205,0.205,30.0,.240,.667,.385,0.33,0.058,96.0,.286,1.089,.714,3.0,0.0,7,.000,.000,.000,5.0,0.0,16,,,,,,,,
823953,2026-05-12T02:10:00Z,UNIQLO Field at Dodger Stadium,LAD,SF,670090,Wyatt Mills,R,686790,Trevor McDonald,,,,,,,,,0,0,0,0,0,.000,.000,,,,,,,,,,,,,.286,1.089,.714,3.0,0.0,7,.000,.000,.000,5.0,0.0,16,,,,,,,,
