"id","name","swings_competitive","percent_swings_competitive","contact","avg_bat_speed","hard_swing_rate","squared_up_per_bat_contact","squared_up_per_swing","blast_per_bat_contact","blast_per_swing","swing_length","swords","batter_run_value","whiffs","whiff_per_swing","batted_ball_events","batted_ball_event_per_swing"
691406,"Caminero, Junior",534,0.9128205128205128,424,"79.959362547",0.889513108614232,0.31839622641509435,0.25280898876404495,0.2641509433962264,0.20973782771535582,"8.62203661",4,8.078925470447675,,NaN,236,0.4419475655430712
691023,"Walker, Jordan",591,0.9022900763358779,423,"79.06517335",0.8561759729272419,0.30260047281323876,0.21658206429780033,0.2293144208037825,0.16412859560067683,"8.296574433",14,10.281656084894944,,NaN,223,0.377326565143824
665833,"Cruz, Oneil",447,0.9048582995951417,281,"78.461901745",0.7807606263982101,0.3416370106761566,0.21476510067114093,0.24555160142348753,0.15436241610738255,"7.622225302",7,0.22168585421235498,,NaN,137,0.30648769574944074
701762,"Kurtz, Nick",590,0.9062980030721967,386,"78.299962661",0.8169491525423729,0.2823834196891192,0.1847457627118644,0.23316062176165803,0.15254237288135594,"7.763960305",15,-0.9544673826116534,,NaN,167,0.2830508474576271
666176,"Adell, Jo",699,0.9042690815006468,536,"77.235649514",0.6995708154506439,0.23880597014925373,0.18311874105865522,0.15298507462686567,0.11731044349070101,"7.740659499",18,-17.47433528627243,,NaN,243,0.34763948497854075
701358,"Smith, Cam",573,0.9037854889589906,413,"77.208077679",0.7452006980802793,0.27602905569007263,0.19895287958115182,0.17675544794188863,0.1273996509598604,"7.687796789",8,-15.87278392516006,,NaN,204,0.35602094240837695
695506,"Caglianone, Jac",541,0.9031719532554258,390,"77.162511146",0.7375231053604435,0.29743589743589743,0.2144177449168207,0.2282051282051282,0.1645101663585952,"7.897175915",10,-2.2300936804754676,,NaN,177,0.32717190388170053
669003,"Mitchell, Garrett",413,0.9057017543859649,269,"77.156745012",0.7602905569007262,0.30111524163568776,0.19612590799031476,0.21561338289962825,0.14043583535108958,"7.229800702",13,-6.312703803767623,,NaN,133,0.3220338983050847
656941,"Schwarber, Kyle",628,0.9010043041606887,436,"77.120186688",0.7595541401273885,0.24311926605504589,0.16878980891719744,0.1743119266055046,0.12101910828025478,"7.488573901",30,8.724377522945385,,NaN,175,0.2786624203821656
575929,"Contreras, Willson",588,0.9032258064516129,423,"76.770158435",0.6921768707482991,0.2624113475177305,0.18877551020408162,0.16784869976359337,0.12074829931972789,"7.886374167",19,13.245607258827254,,NaN,207,0.3520408163265306
641343,"Bauers, Jake",448,0.9068825910931174,339,"76.740398214",0.7008928571428571,0.34513274336283184,0.2611607142857143,0.2153392330383481,0.16294642857142858,"7.65812183",17,0.0867727192122083,,NaN,176,0.39285714285714285
695578,"Wood, James",598,0.8992481203007519,428,"76.585397809",0.6605351170568561,0.3341121495327103,0.2391304347826087,0.2383177570093458,0.1705685618729097,"7.399397709",33,-1.4966079156889176,,NaN,208,0.34782608695652173
677594,"Rodríguez, Julio",654,0.9058171745152355,484,"76.54437607",0.6605504587155964,0.2768595041322314,0.20489296636085627,0.18388429752066116,0.13608562691131498,"7.799634526",10,-9.539016181609913,,NaN,241,0.36850152905198774
695657,"Montgomery, Colson",608,0.9020771513353115,392,"76.287363832",0.6661184210526316,0.24744897959183673,0.15953947368421054,0.17091836734693877,0.11019736842105263,"7.883386464",21,-7.629919451740897,,NaN,185,0.3042763157894737
665489,"Guerrero Jr., Vladimir",540,0.9060402684563759,443,"76.224683481",0.6333333333333334,0.31376975169300225,0.2574074074074074,0.20090293453724606,0.1648148148148148,"7.555991833",6,-19.66454269992139,,NaN,254,0.4703703703703704
656305,"Chapman, Matt",550,0.9090909090909091,425,"76.1503758",0.6127272727272727,0.2164705882352941,0.16727272727272727,0.12941176470588237,0.1,"7.370998182",11,-14.340716984534254,,NaN,199,0.3618181818181818
592450,"Judge, Aaron",420,0.9051724137931034,292,"76.100967595",0.6452380952380952,0.3150684931506849,0.21904761904761905,0.2054794520547945,0.14285714285714285,"8.110713952",12,5.169027217688475,,NaN,132,0.3142857142857143
670541,"Alvarez, Yordan",579,0.9175911251980983,476,"76.012970311",0.5975820379965457,0.31512605042016806,0.25906735751295334,0.22058823529411764,0.18134715025906736,"7.610979447",5,11.001057111983332,,NaN,236,0.4075993091537133
660670,"Acuña Jr., Ronald",385,0.8995327102803738,286,"76.005913506",0.6233766233766235,0.2867132867132867,0.21298701298701297,0.17132867132867133,0.12727272727272726,"7.639172104",16,-11.359659964846855,,NaN,139,0.36103896103896105
804606,"Griffin, Konnor",410,0.9010989010989011,290,"75.785509829",0.5853658536585367,0.2620689655172414,0.18536585365853658,0.15172413793103448,0.1073170731707317,"7.704689244",10,-6.542682298342362,,NaN,144,0.35121951219512193
663586,"Riley, Austin",590,0.9062980030721967,407,"75.648764932",0.5728813559322035,0.29484029484029484,0.2033898305084746,0.1597051597051597,0.11016949152542373,"7.550845898",15,-25.88155800382473,,NaN,196,0.33220338983050846
665487,"Tatis Jr., Fernando",551,0.9003267973856209,408,"75.626951597",0.61524500907441,0.36519607843137253,0.27041742286751363,0.23774509803921567,0.17604355716878403,"7.305450544",21,-9.699921501459272,,NaN,241,0.43738656987295826
682998,"Carroll, Corbin",552,0.9064039408866995,410,"75.58388788",0.6050724637681159,0.32926829268292684,0.24456521739130435,0.17560975609756097,0.13043478260869565,"7.497847536",3,-0.9363744152031277,,NaN,217,0.39311594202898553
691723,"Mayo, Coby",366,0.9014778325123153,253,"75.582193224",0.5710382513661203,0.2727272727272727,0.1885245901639344,0.1541501976284585,0.10655737704918032,"7.439442705",6,-12.958383683458933,,NaN,108,0.29508196721311475
682985,"Greene, Riley",615,0.9070796460176991,434,"75.575456439",0.5772357723577236,0.29493087557603687,0.208130081300813,0.18433179723502305,0.13008130081300814,"7.265537382",10,-7.982014259286205,,NaN,199,0.3235772357723577
696100,"Goodman, Hunter",587,0.9114906832298136,391,"75.327205656",0.5400340715502555,0.27877237851662406,0.18568994889267462,0.16879795396419436,0.11243611584327087,"7.418930051",9,-2.3796235481971904,,NaN,173,0.29471890971039183
669127,"Langeliers, Shea",553,0.9125412541254125,400,"75.297986474",0.5352622061482821,0.33,0.23869801084990958,0.1775,0.12839059674502712,"7.244094177",2,-5.00040984353306,,NaN,213,0.38517179023508136
669394,"Burger, Jake",572,0.9022082018927445,392,"75.244384843",0.5646853146853147,0.33163265306122447,0.22727272727272727,0.19387755102040816,0.13286713286713286,"7.475960664",21,-6.878297292151463,,NaN,212,0.3706293706293706
680776,"Duran, Jarren",562,0.9006410256410257,380,"75.235754644",0.5160142348754448,0.27631578947368424,0.18683274021352314,0.17105263157894737,0.11565836298932385,"7.621441014",16,-25.036725194578814,,NaN,199,0.3540925266903915
808959,"Murakami, Munetaka",401,0.9011235955056179,241,"75.173392569",0.5461346633416458,0.3360995850622407,0.20199501246882792,0.23236514522821577,0.1396508728179551,"7.904293392",12,-2.611487290868758,,NaN,111,0.27680798004987534
670042,"Raley, Luke",432,0.9056603773584906,264,"75.173133032",0.5509259259259258,0.29924242424242425,0.18287037037037038,0.1856060606060606,0.11342592592592593,"7.301566528",8,-8.588001324464983,,NaN,128,0.2962962962962963
545361,"Trout, Mike",482,0.9043151969981238,387,"75.08454917",0.524896265560166,0.2868217054263566,0.23029045643153526,0.1834625322997416,0.14730290456431536,"7.521379959",12,-3.577480813374681,,NaN,172,0.35684647302904565
621566,"Olson, Matt",660,0.9041095890410958,517,"75.040016697",0.5181818181818181,0.3056092843326886,0.23939393939393938,0.19922630560928434,0.15606060606060607,"7.532297697",15,0.9827232026432267,,NaN,240,0.36363636363636365
686948,"Baldwin, Drake",477,0.9034090909090909,366,"75.011382893",0.5241090146750523,0.3114754098360656,0.2389937106918239,0.18032786885245902,0.13836477987421383,"7.295772453",11,-4.029486876856472,,NaN,171,0.3584905660377358
694192,"Chourio, Jackson",371,0.9048780487804878,298,"74.963051806",0.5256064690026955,0.3221476510067114,0.2587601078167116,0.18456375838926176,0.14824797843665768,"7.37251248",7,5.380081936656706,,NaN,146,0.3935309973045822
669065,"Stowers, Kyle",488,0.9053803339517625,336,"74.945466189",0.5102459016393444,0.30654761904761907,0.21106557377049182,0.20535714285714285,0.1413934426229508,"6.784127951",15,-4.152032509406497,,NaN,156,0.319672131147541
671739,"Harris II, Michael",541,0.9046822742474916,414,"74.941814048",0.48983364140480584,0.3115942028985507,0.23844731977818853,0.21980676328502416,0.16820702402957485,"8.174632976",8,0.27277854982806193,,NaN,206,0.3807763401109057
681297,"Cowser, Colton",352,0.9025641025641026,237,"74.936663778",0.5113636363636365,0.25738396624472576,0.17329545454545456,0.1308016877637131,0.08806818181818182,"7.505733068",12,-11.400138319392088,,NaN,111,0.3153409090909091
683357,"Caissie, Owen",416,0.9023861171366594,275,"74.876451466",0.5336538461538461,0.2872727272727273,0.18990384615384615,0.1709090909090909,0.11298076923076923,"7.09270012",14,-2.7640659532536636,,NaN,121,0.29086538461538464
624585,"Soler, Jorge",476,0.9032258064516129,314,"74.858301954",0.5126050420168067,0.2515923566878981,0.16596638655462184,0.1464968152866242,0.09663865546218488,"7.885935672",4,-7.794724966522268,,NaN,150,0.31512605042016806
682829,"De La Cruz, Elly",460,0.9072978303747534,334,"74.8509885",0.48913043478260865,0.3413173652694611,0.24782608695652175,0.2245508982035928,0.16304347826086957,"7.049506848",9,5.156363905583965,,NaN,173,0.3760869565217391
691718,"Crow-Armstrong, Pete",652,0.9017980636237898,497,"74.815442945",0.5122699386503068,0.28772635814889336,0.21932515337423314,0.1790744466800805,0.13650306748466257,"7.359202653",28,3.7253963342753056,,NaN,217,0.3328220858895706
694212,"Basallo, Samuel",470,0.9021113243761996,341,"74.782214596",0.48936170212765956,0.3196480938416422,0.23191489361702128,0.187683284457478,0.13617021276595745,"7.610085234",14,-1.6228929979163782,,NaN,170,0.3617021276595745
624413,"Alonso, Pete",612,0.9066666666666666,453,"74.728816683",0.48202614379084957,0.32891832229580575,0.2434640522875817,0.2097130242825607,0.15522875816993464,"7.204329935",13,-8.958694557495113,,NaN,218,0.3562091503267974
683146,"Baty, Brett",483,0.902803738317757,355,"74.68966294",0.505175983436853,0.29014084507042254,0.21325051759834368,0.13802816901408452,0.10144927536231885,"7.353455466",14,-21.074705709762547,,NaN,171,0.35403726708074534
686527,"Canzone, Dominic",362,0.905,264,"74.684308011",0.4640883977900553,0.3939393939393939,0.287292817679558,0.23484848484848486,0.1712707182320442,"7.400901796",8,0.842241735924735,,NaN,148,0.4088397790055249
660271,"Ohtani, Shohei",577,0.9058084772370487,414,"74.651136742",0.4887348353552859,0.37681159420289856,0.2703639514731369,0.20531400966183574,0.14731369150779897,"7.877013622",7,-2.2360505222225413,,NaN,210,0.36395147313691506
592518,"Machado, Manny",588,0.9074074074074074,442,"74.62952318",0.4438775510204081,0.2895927601809955,0.21768707482993196,0.15384615384615385,0.11564625850340136,"7.870646684",16,-17.923370944071525,,NaN,216,0.3673469387755102
691785,"Mayer, Marcelo",373,0.9075425790754258,279,"74.625458204",0.47184986595174266,0.27598566308243727,0.2064343163538874,0.12186379928315412,0.09115281501340483,"7.91561319",8,-14.273091125630923,,NaN,154,0.4128686327077748
606466,"Marte, Ketel",555,0.912828947368421,448,"74.612633477",0.4558558558558558,0.3482142857142857,0.2810810810810811,0.21428571428571427,0.17297297297297298,"7.720358865",6,-2.527685252405213,,NaN,257,0.46306306306306305
663728,"Raleigh, Cal",490,0.9007352941176471,341,"74.577950939",0.49183673469387756,0.19648093841642228,0.13673469387755102,0.093841642228739,0.0653061224489796,"7.838254816",11,-26.2128714925944,,NaN,127,0.25918367346938775
691016,"Soderstrom, Tyler",477,0.905123339658444,378,"74.458736562",0.4507337526205451,0.30423280423280424,0.24109014675052412,0.17195767195767195,0.13626834381551362,"7.492973564",10,-14.808649078683127,,NaN,197,0.4129979035639413
683002,"Henderson, Gunnar",691,0.902088772845953,539,"74.4478322",0.447178002894356,0.29313543599257885,0.22865412445730826,0.14471243042671614,0.11287988422575977,"7.335156035",14,-11.133137301955923,,NaN,257,0.3719247467438495
663993,"Lowe, Nathaniel",356,0.9035532994923858,288,"74.428165365",0.4241573033707866,0.21875,0.17696629213483145,0.13541666666666666,0.10955056179775281,"7.55566",8,3.1757657392472245,,NaN,121,0.3398876404494382
547180,"Harper, Bryce",653,0.9044321329639889,462,"74.335900475",0.47473200612557426,0.31601731601731603,0.22358346094946402,0.17965367965367965,0.12710566615620214,"7.407443599",5,-1.0719076953508058,,NaN,230,0.35222052067381315
682626,"Alvarez, Francisco",357,0.9083969465648855,250,"74.319896359",0.4509803921568628,0.324,0.226890756302521,0.2,0.1400560224089636,"7.257947983",9,-5.182872614289676,,NaN,130,0.3641456582633053
666160,"Moniak, Mickey",367,0.9017199017199017,274,"74.310593651",0.45776566757493187,0.31386861313868614,0.23433242506811988,0.1386861313868613,0.10354223433242507,"7.844990054",6,13.142991729155684,,NaN,134,0.3651226158038147
657757,"Sheets, Gavin",446,0.9046653144016227,366,"74.287979462",0.4573991031390134,0.27595628415300544,0.226457399103139,0.12295081967213115,0.10089686098654709,"7.730832265",15,-2.7356229538310806,,NaN,173,0.38789237668161436
668904,"Lewis, Royce",368,0.8997555012224939,251,"74.277018641",0.4728260869565218,0.2908366533864542,0.1983695652173913,0.15139442231075698,0.10326086956521739,"8.038371984",8,-7.471552256593939,,NaN,130,0.3532608695652174
572233,"Walker, Christian",630,0.9,472,"74.212701571",0.4238095238095238,0.2966101694915254,0.2222222222222222,0.17584745762711865,0.13174603174603175,"7.412451413",21,-7.2580495592864915,,NaN,239,0.37936507936507935
678246,"Vargas, Miguel",591,0.9050535987748851,478,"74.184746785",0.44670050761421315,0.33263598326359833,0.26903553299492383,0.1799163179916318,0.1455160744500846,"7.750619255",3,-5.8736603805235825,,NaN,232,0.3925549915397631
671056,"Herrera, Iván",558,0.9058441558441559,458,"74.168922455",0.4390681003584229,0.31004366812227074,0.25448028673835127,0.1572052401746725,0.12903225806451613,"7.799136129",9,-10.006094629388208,,NaN,233,0.4175627240143369
621439,"Buxton, Byron",560,0.9032258064516129,405,"74.166604875",0.40535714285714286,0.3012345679012346,0.21785714285714286,0.17037037037037037,0.12321428571428572,"7.990165107",13,-0.9544546616616185,,NaN,206,0.3678571428571429
695600,"Jensen, Carter",488,0.9020332717190388,363,"74.026606352",0.39139344262295084,0.3443526170798898,0.25614754098360654,0.1652892561983471,0.12295081967213115,"7.073648791",25,-11.536975964982929,,NaN,187,0.3831967213114754
668709,"Bleday, JJ",393,0.9013761467889908,299,"73.990314402",0.3765903307888041,0.30434782608695654,0.23155216284987276,0.15719063545150502,0.11959287531806616,"7.268150534",14,-1.0841748356355372,,NaN,153,0.3893129770992366
671732,"Butler, Lawrence",373,0.8987951807228916,265,"73.892334799",0.37533512064343166,0.27547169811320754,0.19571045576407506,0.13962264150943396,0.09919571045576407,"7.045415094",9,-21.015056493132594,,NaN,122,0.32707774798927614
660821,"Sánchez, Jesús",400,0.9009009009009009,297,"73.8639524",0.455,0.2962962962962963,0.22,0.16835016835016836,0.125,"6.884833175",3,-13.897381147599928,,NaN,140,0.35
650490,"Díaz, Yandy",548,0.9102990033222591,475,"73.796949234",0.3978102189781022,0.33263157894736844,0.28832116788321166,0.21052631578947367,0.18248175182481752,"7.595345967",7,3.056984301494983,,NaN,243,0.44343065693430656
677951,"Witt Jr., Bobby",546,0.900990099009901,421,"73.716654725",0.40293040293040283,0.3752969121140142,0.2893772893772894,0.20902612826603326,0.16117216117216118,"6.980702216",12,-0.11314143973616186,,NaN,238,0.4358974358974359
677800,"Abreu, Wilyer",639,0.9038189533239038,502,"73.684128513",0.3646322378716744,0.30677290836653387,0.24100156494522693,0.1394422310756972,0.10954616588419405,"7.144591878",7,-15.153142095104615,,NaN,240,0.3755868544600939
542303,"Ozuna, Marcell",393,0.903448275862069,264,"73.665773842",0.3867684478371502,0.29545454545454547,0.1984732824427481,0.14015151515151514,0.09414758269720101,"7.515290483",3,-21.202247137755055,,NaN,128,0.3256997455470738
686555,"Collins, Isaac",368,0.8997555012224939,291,"73.65301038",0.3586956521739131,0.3333333333333333,0.26358695652173914,0.16151202749140894,0.12771739130434784,"6.808469647",13,-9.094574617056331,,NaN,165,0.4483695652173913
664040,"Lowe, Brandon",652,0.8993103448275862,455,"73.596306933",0.3987730061349693,0.3362637362637363,0.23466257668711657,0.16483516483516483,0.11503067484662577,"7.020606334",27,0.036970676383824896,,NaN,220,0.3374233128834356
671277,"García Jr., Luis",495,0.908256880733945,415,"73.468530869",0.3575757575757576,0.3421686746987952,0.2868686868686869,0.2,0.16767676767676767,"7.39088402",8,10.978733065329251,,NaN,217,0.4383838383838384
701538,"Merrill, Jackson",622,0.9053857350800583,452,"73.456060466",0.315112540192926,0.27876106194690264,0.20257234726688103,0.13716814159292035,0.09967845659163987,"7.576166286",9,-25.086651342707313,,NaN,202,0.3247588424437299
668901,"Vientos, Mark",440,0.9128630705394191,307,"73.279688636",0.27954545454545454,0.32247557003257327,0.225,0.18241042345276873,0.12727272727272726,"7.514596636",12,-11.779486534959238,,NaN,161,0.3659090909090909
661388,"Contreras, William",497,0.906934306569343,411,"73.267880121",0.3541247484909457,0.40632603406326034,0.33601609657947684,0.19464720194647203,0.16096579476861167,"7.177733763",10,-9.366376881757388,,NaN,254,0.5110663983903421
672960,"Okamoto, Kazuma",589,0.9019908116385911,411,"73.145944975",0.3565365025466893,0.3381995133819951,0.23599320882852293,0.1678832116788321,0.11714770797962648,"7.888449711",17,-5.512708331488229,,NaN,190,0.3225806451612903
676475,"Burleson, Alec",584,0.906832298136646,481,"73.137031678",0.297945205479452,0.367983367983368,0.3030821917808219,0.19334719334719336,0.15924657534246575,"7.521534161",4,-4.128053911118531,,NaN,258,0.4417808219178082
592663,"Realmuto, J.T.",364,0.9032258064516129,279,"73.114521291",0.326923076923077,0.3655913978494624,0.2802197802197802,0.12544802867383512,0.09615384615384616,"7.400806264",6,-21.141412278751353,,NaN,141,0.3873626373626374
673548,"Suzuki, Seiya",486,0.9,370,"73.086857613",0.331275720164609,0.2918918918918919,0.2222222222222222,0.14864864864864866,0.11316872427983539,"7.225232222",13,-3.899414428638864,,NaN,181,0.3724279835390947
669357,"Gorman, Nolan",420,0.8993576017130621,258,"73.063367833",0.3047619047619048,0.29069767441860467,0.17857142857142858,0.15503875968992248,0.09523809523809523,"7.573159143",8,-17.386676500644374,,NaN,117,0.2785714285714286
669236,"Jackson, Jeremiah",361,0.9047619047619048,273,"73.054058726",0.2991689750692521,0.3663003663003663,0.2770083102493075,0.1684981684981685,0.12742382271468145,"7.561944349",13,-7.9572868041725355,,NaN,149,0.41274238227146814
679529,"Torkelson, Spencer",558,0.9043760129659644,409,"72.997197903",0.23476702508960576,0.29095354523227385,0.2132616487455197,0.14425427872860636,0.1057347670250896,"7.76555172",10,-14.064900872955182,,NaN,180,0.3225806451612903
665862,"Chisholm Jr., Jazz",526,0.9037800687285223,371,"72.986539087",0.3041825095057034,0.3423180592991914,0.2414448669201521,0.14824797843665768,0.10456273764258556,"7.902893821",13,-18.43409808748619,,NaN,181,0.344106463878327
668804,"Reynolds, Bryan",605,0.9016393442622951,451,"72.971397008",0.3239669421487603,0.3170731707317073,0.23636363636363636,0.16851441241685144,0.1256198347107438,"7.010939306",29,-0.89215983569529,,NaN,216,0.35702479338842974
681624,"Pages, Andy",652,0.9005524861878453,523,"72.960639831",0.26993865030674846,0.3154875717017208,0.25306748466257667,0.16061185468451242,0.12883435582822086,"7.661444494",10,-7.64965448399339,,NaN,261,0.4003067484662577
650489,"Castro, Willi",537,0.9055649241146712,381,"72.865157095",0.266294227188082,0.2572178477690289,0.1824953445065177,0.11286089238845144,0.08007448789571694,"7.358831825",8,-13.845194334725628,,NaN,163,0.30353817504655495
662139,"Varsho, Daulton",474,0.9063097514340345,375,"72.850251603",0.27848101265822783,0.24,0.189873417721519,0.10666666666666667,0.08438818565400844,"7.669994304",3,-11.957266309905828,,NaN,173,0.3649789029535865
682928,"Abrams, CJ",617,0.902046783625731,445,"72.809989141",0.26742301458670986,0.3303370786516854,0.23824959481361427,0.1550561797752809,0.11183144246353323,"7.712553452",17,2.760480526833563,,NaN,223,0.36142625607779577
665750,"Taveras, Leody",426,0.9006342494714588,316,"72.774414836",0.2769953051643193,0.26582278481012656,0.19718309859154928,0.10126582278481013,0.07511737089201878,"7.538974131",4,-11.605091374115675,,NaN,153,0.3591549295774648
677649,"Duran, Ezequiel",501,0.9010791366906474,377,"72.690632236",0.2754491017964072,0.29708222811671087,0.22355289421157684,0.13262599469496023,0.0998003992015968,"7.105758822",8,-4.663483989593889,,NaN,187,0.37325349301397204
543807,"Springer, George",469,0.9019230769230769,370,"72.623813838",0.2921108742004264,0.2810810810810811,0.22174840085287847,0.11891891891891893,0.09381663113006397,"7.441320448",17,-10.930040014612203,,NaN,173,0.36886993603411516
678554,"Mead, Curtis",405,0.9,343,"72.601073704",0.28148148148148155,0.30029154518950435,0.254320987654321,0.14868804664723032,0.1259259259259259,"7.068601037",7,-3.0396993419017266,,NaN,168,0.4148148148148148
607043,"Nimmo, Brandon",579,0.9046875,452,"72.5706181",0.28670120898100165,0.36504424778761063,0.2849740932642487,0.19247787610619468,0.15025906735751296,"7.017619758",12,-13.841441400417125,,NaN,221,0.38169257340241797
701398,"Stewart, Sal",619,0.902332361516035,457,"72.526592423",0.28594507269789987,0.3238512035010941,0.23909531502423265,0.15973741794310722,0.11793214862681745,"7.589438239",20,-6.437102877724035,,NaN,226,0.3651050080775444
802139,"Wetherholt, JJ",565,0.9098228663446055,460,"72.50566623",0.2300884955752212,0.3630434782608696,0.29557522123893804,0.1391304347826087,0.11327433628318584,"7.580242708",12,-18.230294641844388,,NaN,249,0.4407079646017699
657656,"Laureano, Ramón",359,0.9042821158690176,250,"72.448665404",0.2590529247910864,0.264,0.18384401114206128,0.12,0.08356545961002786,"7.100571421",10,-10.200979470077655,,NaN,103,0.28690807799442897
700250,"Rice, Ben",532,0.9063032367972743,414,"72.437712011",0.231203007518797,0.3671497584541063,0.2857142857142857,0.1859903381642512,0.14473684210526316,"7.579800169",8,9.3008868394129,,NaN,215,0.4041353383458647
677942,"Alexander, Blaze",394,0.9078341013824884,293,"72.421972107",0.2487309644670051,0.3412969283276451,0.25380710659898476,0.13310580204778158,0.09898477157360407,"7.473956396",7,-7.033582267772797,,NaN,135,0.3426395939086294
669477,"Schmitt, Casey",571,0.9077901430842608,454,"72.38738056",0.2732049036777583,0.3303964757709251,0.2626970227670753,0.17180616740088106,0.13660245183887915,"7.592315026",13,0.15026862665030372,,NaN,229,0.4010507880910683
606192,"Hernández, Teoscar",357,0.9037974683544304,255,"72.299897311",0.22689075630252106,0.3411764705882353,0.24369747899159663,0.1843137254901961,0.13165266106442577,"7.759178796",9,-5.67182044745147,,NaN,130,0.3641456582633053
672724,"Peraza, Oswald",454,0.9043824701195219,322,"72.266466344",0.24449339207048462,0.2826086956521739,0.20044052863436124,0.14285714285714285,0.1013215859030837,"7.585884361",8,-5.879401481009949,,NaN,155,0.34140969162995594
642715,"Adames, Willy",574,0.9010989010989011,422,"72.202306882",0.24216027874564464,0.3127962085308057,0.22996515679442509,0.12322274881516587,0.09059233449477352,"8.164778885",10,-6.573510901430108,,NaN,218,0.3797909407665505
665161,"Peña, Jeremy",361,0.9025,263,"72.118301191",0.12188365650969529,0.3155893536121673,0.2299168975069252,0.12927756653992395,0.09418282548476455,"7.429673906",7,-2.4560384913171682,,NaN,140,0.3878116343490305
686681,"Massey, Michael",362,0.9027431421446384,298,"72.09465221",0.14088397790055252,0.37583892617449666,0.30939226519337015,0.1342281879194631,0.11049723756906077,"7.182627127",6,-4.79643635035492,,NaN,162,0.44751381215469616
671218,"Ramos, Heliot",368,0.9041769041769042,269,"72.092293723",0.22010869565217395,0.30855018587360594,0.22554347826086957,0.1449814126394052,0.10597826086956522,"6.845630924",6,-9.364529062214606,,NaN,121,0.328804347826087
664023,"Happ, Ian",604,0.9041916167664671,415,"72.085901821",0.20033112582781454,0.2891566265060241,0.1986754966887417,0.1493975903614458,0.10264900662251655,"6.90839053",5,-9.384454787116915,,NaN,181,0.2996688741721854
593428,"Bogaerts, Xander",415,0.9002169197396963,322,"72.076704241",0.2650602409638555,0.3447204968944099,0.2674698795180723,0.12732919254658384,0.09879518072289156,"7.372053711",12,-10.014230158552314,,NaN,176,0.42409638554216866
672640,"Lopez, Otto",536,0.9023569023569024,435,"72.071456866",0.2593283582089552,0.3954022988505747,0.3208955223880597,0.19080459770114944,0.15485074626865672,"6.781956828",15,3.764895802024886,,NaN,262,0.48880597014925375
672580,"Garcia, Maikel",395,0.9038901601830663,351,"72.014197747",0.2,0.3789173789173789,0.3367088607594937,0.16524216524216523,0.1468354430379747,"7.113890658",8,-6.265260400556492,,NaN,209,0.529113924050633
693307,"Dingler, Dillon",561,0.9048387096774193,448,"71.981192816",0.1746880570409982,0.3392857142857143,0.2709447415329768,0.17857142857142858,0.14260249554367202,"7.653266471",8,9.210626604711768,,NaN,216,0.3850267379679144
605137,"Bell, Josh",607,0.9046199701937406,468,"71.967753987",0.2504118616144975,0.3076923076923077,0.2372322899505766,0.14316239316239315,0.11037891268533773,"7.920241203",11,-14.858718079148785,,NaN,221,0.3640856672158155
592626,"Pederson, Joc",427,0.8989473684210526,303,"71.967387002",0.19203747072599534,0.37293729372937295,0.2646370023419204,0.17491749174917492,0.12412177985948478,"7.468757494",7,-4.9802440863215764,,NaN,153,0.3583138173302108
665742,"Soto, Juan",379,0.9002375296912114,319,"71.960220396",0.2453825857519789,0.4482758620689655,0.37730870712401055,0.2413793103448276,0.20316622691292877,"7.08004058",22,10.295914214618652,,NaN,187,0.49340369393139843
690993,"Keith, Colt",356,0.905852417302799,286,"71.952926854",0.1938202247191011,0.4125874125874126,0.33146067415730335,0.18181818181818182,0.14606741573033707,"6.838185337",7,-10.12283443563858,,NaN,170,0.47752808988764045
664034,"France, Ty",367,0.8995098039215687,265,"71.935817411",0.19073569482288827,0.2981132075471698,0.21525885558583105,0.17358490566037735,0.12534059945504086,"7.500091226",10,-6.397788771422161,,NaN,121,0.329700272479564
678662,"Tovar, Ezequiel",599,0.9007518796992481,422,"71.934612838",0.20033388981636055,0.24881516587677724,0.17529215358931552,0.08767772511848342,0.06176961602671119,"7.585906077",12,-25.713989053063415,,NaN,175,0.2921535893155259
681481,"Carpenter, Kerry",367,0.8995098039215687,266,"71.879693597",0.1553133514986376,0.3157894736842105,0.22888283378746593,0.12030075187969924,0.08719346049046321,"7.411835422",8,-4.951816085096047,,NaN,119,0.3242506811989101
608369,"Seager, Corey",372,0.9073170731707317,251,"71.836107446",0.13440860215053763,0.3426294820717131,0.23118279569892472,0.16334661354581673,0.11021505376344086,"6.708570914",14,-16.14045358867718,,NaN,122,0.3279569892473118
656555,"Hoskins, Rhys",385,0.8995327102803738,278,"71.830739506",0.16883116883116883,0.29136690647482016,0.21038961038961038,0.11870503597122302,0.08571428571428572,"8.197118571",15,-16.430236319417435,,NaN,119,0.3090909090909091
663616,"Larnach, Trevor",397,0.9002267573696145,295,"71.803763426",0.1889168765743073,0.3220338983050847,0.23929471032745592,0.13559322033898305,0.10075566750629723,"7.208948463",7,-3.0334195659024688,,NaN,159,0.4005037783375315
665019,"Clemens, Kody",504,0.9064748201438849,389,"71.764701885",0.12499999999999999,0.390745501285347,0.30158730158730157,0.17994858611825193,0.1388888888888889,"7.139731706",8,-1.999238003785023,,NaN,193,0.38293650793650796
521692,"Perez, Salvador",638,0.9036827195467422,494,"71.755513871",0.19122257053291533,0.3097165991902834,0.23981191222570533,0.13562753036437247,0.10501567398119123,"7.703652633",10,-28.84410709533159,,NaN,237,0.3714733542319749
702284,"Young, Cole",573,0.9037854889589906,463,"71.744058621",0.23036649214659682,0.3326133909287257,0.268760907504363,0.12095032397408208,0.09773123909249563,"6.971129267",9,-18.363137133717522,,NaN,242,0.4223385689354276
680574,"McLain, Matt",452,0.9021956087824351,336,"71.730172655",0.1327433628318584,0.34523809523809523,0.25663716814159293,0.13988095238095238,0.10398230088495575,"6.911234735",11,-21.588736287413077,,NaN,169,0.37389380530973454
666969,"García, Adolis",439,0.9051546391752577,301,"71.704877722",0.2574031890660592,0.3521594684385382,0.24145785876993167,0.14950166112956811,0.10250569476082004,"7.69028713",9,-22.590983799023668,,NaN,143,0.32574031890660593
646240,"Devers, Rafael",652,0.9055555555555556,463,"71.60025411",0.20092024539877298,0.3347732181425486,0.23773006134969324,0.17494600431965443,0.12423312883435583,"7.498300552",9,-14.342561576466005,,NaN,202,0.3098159509202454
607208,"Turner, Trea",650,0.9116409537166901,478,"71.587461615",0.19230769230769232,0.3389121338912134,0.24923076923076923,0.10460251046025104,0.07692307692307693,"7.648694969",11,-24.589614443219926,,NaN,246,0.37846153846153846
672515,"Moreno, Gabriel",379,0.9002375296912114,323,"71.502610528",0.21635883905013195,0.34055727554179566,0.29023746701846964,0.14860681114551083,0.1266490765171504,"7.031393668",8,-3.4573019864904806,,NaN,162,0.42744063324538256
571970,"Muncy, Max",466,0.91015625,339,"71.499124528",0.1351931330472103,0.35988200589970504,0.26180257510729615,0.16519174041297935,0.12017167381974249,"6.945825837",6,-0.2461492932164142,,NaN,178,0.38197424892703863
669016,"Marsh, Brandon",573,0.9037854889589906,440,"71.494964921",0.1518324607329843,0.325,0.24956369982547993,0.15454545454545454,0.11867364746945899,"7.229586894",3,7.339192276316956,,NaN,216,0.3769633507853403
641487,"Crawford, J.P.",432,0.9,358,"71.493733519",0.19444444444444445,0.3407821229050279,0.2824074074074074,0.11173184357541899,0.09259259259259259,"7.390418889",3,-14.923617530963613,,NaN,181,0.41898148148148145
621020,"Swanson, Dansby",518,0.9024390243902439,374,"71.491017239",0.10038610038610038,0.3716577540106952,0.26833976833976836,0.13636363636363635,0.09845559845559845,"7.57300251",13,-10.463355110027617,,NaN,197,0.3803088803088803
553993,"Suárez, Eugenio",399,0.9006772009029346,267,"71.48785391",0.1754385964912281,0.26591760299625467,0.17794486215538846,0.10486891385767791,0.07017543859649122,"7.749503383",17,-11.71280232321974,,NaN,124,0.3107769423558897
502671,"Goldschmidt, Paul",405,0.9040178571428571,312,"71.431256667",0.1506172839506173,0.3108974358974359,0.23950617283950618,0.14423076923076922,0.1111111111111111,"7.548438148",3,5.916358105004882,,NaN,155,0.38271604938271603
800050,"DeLauter, Chase",428,0.9029535864978903,370,"71.41272965",0.17523364485981308,0.3810810810810811,0.3294392523364486,0.1783783783783784,0.1542056074766355,"7.105081589",12,-12.567496599439417,,NaN,209,0.4883177570093458
805808,"McGonigle, Kevin",569,0.9003164556962026,488,"71.407871494",0.18101933216168714,0.35655737704918034,0.30579964850615116,0.125,0.10720562390158173,"6.956705852",10,-12.42112077445192,,NaN,249,0.437609841827768
571448,"Arenado, Nolan",500,0.8992805755395683,394,"71.3641758",0.15400000000000003,0.2868020304568528,0.226,0.07868020304568528,0.062,"8.4367888",20,-18.635772847970696,,NaN,190,0.38
663656,"Tucker, Kyle",602,0.9011976047904192,478,"71.261175681",0.212624584717608,0.3200836820083682,0.2541528239202658,0.10460251046025104,0.08305647840531562,"7.371448671",9,-13.621749737134873,,NaN,222,0.3687707641196013
682177,"Schneemann, Daniel",424,0.902127659574468,301,"71.204946203",0.12028301886792454,0.29900332225913623,0.21226415094339623,0.11960132890365449,0.08490566037735849,"7.068294929",11,-12.537492725696989,,NaN,140,0.330188679245283
608348,"Kelly, Carson",367,0.9061728395061729,291,"71.185441826",0.09809264305177114,0.3539518900343643,0.28065395095367845,0.15120274914089346,0.11989100817438691,"6.973070082",4,-3.5522748615648045,,NaN,153,0.41689373297002724
663886,"Stephenson, Tyler",364,0.9032258064516129,279,"71.179715522",0.11263736263736264,0.3548387096774194,0.27197802197802196,0.15412186379928317,0.11813186813186813,"7.456929615",14,-12.427628554221563,,NaN,137,0.37637362637362637
609280,"Andujar, Miguel",382,0.9030732860520094,313,"71.142317147",0.19109947643979058,0.2939297124600639,0.24083769633507854,0.11182108626198083,0.09162303664921466,"7.551602251",9,-8.014907099581428,,NaN,152,0.39790575916230364
701807,"Benge, Carson",558,0.9,439,"71.131413692",0.17921146953405015,0.33029612756264237,0.25985663082437277,0.13895216400911162,0.10931899641577061,"6.519585466",18,-13.677793964094123,,NaN,215,0.38530465949820786
573262,"Yastrzemski, Mike",368,0.9041769041769042,290,"71.114698152",0.07065217391304347,0.3620689655172414,0.28532608695652173,0.1310344827586207,0.10326086956521739,"7.434367011",9,-14.869847220669945,,NaN,144,0.391304347826087
664983,"McCarthy, Jake",426,0.9006342494714588,334,"71.093857394",0.13615023474178403,0.3263473053892216,0.25586854460093894,0.10479041916167664,0.08215962441314555,"7.082292042",4,0.12032377065638666,,NaN,180,0.4225352112676056
682657,"Martínez, Angel",415,0.9002169197396963,337,"71.033010651",0.15903614457831328,0.2818991097922849,0.2289156626506024,0.11869436201780416,0.0963855421686747,"7.340677831",8,-7.03616575317537,,NaN,146,0.35180722891566263
668715,"Steer, Spencer",519,0.9026086956521739,390,"71.010431272",0.0674373795761079,0.34102564102564104,0.25626204238921,0.15128205128205127,0.11368015414258188,"7.380183333",6,-11.500981509298823,,NaN,201,0.3872832369942196
668227,"Arozarena, Randy",564,0.8995215311004785,420,"70.938287695",0.21631205673758866,0.3523809523809524,0.2624113475177305,0.14761904761904762,0.1099290780141844,"7.180456472",6,-10.517217319292921,,NaN,196,0.3475177304964539
545121,"Vargas, Ildemaro",396,0.9,344,"70.929968485",0.1691919191919192,0.3633720930232558,0.31565656565656564,0.13953488372093023,0.12121212121212122,"7.38638303",6,-4.709571602846198,,NaN,205,0.5176767676767676
687263,"Neto, Zach",675,0.9012016021361816,461,"70.87946003",0.1111111111111111,0.3036876355748373,0.2074074074074074,0.09761388286334056,0.06666666666666667,"7.086191274",19,-13.302496203687012,,NaN,193,0.2859259259259259
668939,"Rutschman, Adley",366,0.9037037037037037,313,"70.829042978",0.1366120218579235,0.36741214057507987,0.31420765027322406,0.15654952076677317,0.13387978142076504,"6.940786257",11,-1.776687922467165,,NaN,159,0.4344262295081967
663837,"Vierling, Matt",392,0.9074074074074074,323,"70.798047704",0.0739795918367347,0.35294117647058826,0.29081632653061223,0.1238390092879257,0.10204081632653061,"7.419390587",2,-14.77223608424844,,NaN,172,0.4387755102040816
695734,"Lile, Daylen",631,0.9066091954022989,497,"70.796954802",0.09033280507131539,0.3420523138832998,0.2694136291600634,0.12877263581488935,0.10142630744849446,"7.495653724",9,-15.473444208759563,,NaN,256,0.40570522979397783
656811,"O'Hearn, Ryan",505,0.9099099099099099,403,"70.792857683",0.09504950495049505,0.3325062034739454,0.26534653465346536,0.11662531017369727,0.09306930693069307,"7.161737307",8,-0.670956412217036,,NaN,197,0.3900990099009901
691026,"Winn, Masyn",481,0.9024390243902439,387,"70.702814906",0.1185031185031185,0.34108527131782945,0.27442827442827444,0.1343669250645995,0.10810810810810811,"7.282895509",6,-10.89029139564632,,NaN,215,0.446985446985447
664761,"Bohm, Alec",491,0.9092592592592592,414,"70.695824929",0.109979633401222,0.4033816425120773,0.34012219959266804,0.1497584541062802,0.12627291242362526,"7.200607291",4,-16.737373424809995,,NaN,239,0.48676171079429736
673962,"Jung, Josh",525,0.9067357512953368,438,"70.643653676",0.09333333333333334,0.3835616438356164,0.32,0.1552511415525114,0.1295238095238095,"7.004592686",12,-4.5031545017737935,,NaN,237,0.4514285714285714
693304,"Gonzales, Nick",575,0.9012539184952978,446,"70.545166278",0.12000000000000001,0.2982062780269058,0.23130434782608697,0.10762331838565023,0.08347826086956522,"7.433125443",10,-7.9291506998779395,,NaN,220,0.3826086956521739
656775,"Mullins, Cedric",478,0.9035916824196597,381,"70.505346088",0.07322175732217573,0.3228346456692913,0.25732217573221755,0.09711286089238845,0.07740585774058577,"7.381742552",6,-21.947980850364466,,NaN,174,0.36401673640167365
681393,"Norby, Connor",391,0.8988505747126436,281,"70.481692941",0.07161125319693096,0.28113879003558717,0.2020460358056266,0.07473309608540925,0.05370843989769821,"7.058023939",17,-18.10147952229214,,NaN,124,0.3171355498721228
805300,"Marsee, Jakob",493,0.9029304029304029,408,"70.469710933",0.07505070993914807,0.30637254901960786,0.2535496957403651,0.09803921568627451,0.08113590263691683,"6.721365274",16,-20.491636225496105,,NaN,202,0.40973630831643004
518692,"Freeman, Freddie",692,0.9045751633986928,556,"70.465595853",0.08815028901734105,0.33093525179856115,0.2658959537572254,0.1474820143884892,0.11849710982658959,"6.746901142",12,-9.957618950185406,,NaN,246,0.3554913294797688
691720,"Karros, Kyle",421,0.9034334763948498,326,"70.385527435",0.07125890736342043,0.3220858895705521,0.2494061757719715,0.1196319018404908,0.09263657957244656,"7.04658962",17,-9.380406315076453,,NaN,155,0.3681710213776722
803011,"Antonacci, Sam",402,0.903370786516854,343,"70.300432512",0.09701492537313434,0.33527696793002915,0.2860696517412935,0.11078717201166181,0.0945273631840796,"6.792369851",4,-7.232577667502201,,NaN,178,0.4427860696517413
701675,"Church, Nathan",421,0.9014989293361885,321,"70.275276936",0.09501187648456058,0.27102803738317754,0.20665083135391923,0.102803738317757,0.07838479809976247,"7.196425653",3,-10.52415210183684,,NaN,141,0.334916864608076
686469,"Pasquantino, Vinnie",465,0.9011627906976745,397,"70.229435871",0.08817204301075268,0.31738035264483627,0.2709677419354839,0.11838790931989925,0.1010752688172043,"7.269533097",7,-16.39974423068528,,NaN,191,0.410752688172043
686797,"Lee, Brooks",571,0.9006309148264984,461,"70.189319177",0.08231173380035027,0.3470715835140998,0.28021015761821366,0.09761388286334056,0.07880910683012259,"6.996624991",17,-9.092960005634938,,NaN,229,0.4010507880910683
647304,"Naylor, Josh",533,0.9018612521150592,442,"70.139248518",0.075046904315197,0.38009049773755654,0.3151969981238274,0.14479638009049775,0.1200750469043152,"7.554030563",8,-20.15451268779918,,NaN,251,0.4709193245778612
666182,"Bichette, Bo",642,0.9004207573632539,521,"70.132131511",0.15887850467289721,0.3397312859884837,0.2757009345794392,0.14779270633397312,0.11993769470404984,"7.198767741",5,-19.452361525306138,,NaN,249,0.3878504672897196
608070,"Ramírez, José",510,0.9042553191489362,423,"70.079474902",0.12352941176470587,0.3144208037825059,0.2607843137254902,0.13711583924349882,0.11372549019607843,"7.23618451",4,-14.462856595509447,,NaN,197,0.3862745098039216
666018,"Aranda, Jonathan",558,0.901453957996769,449,"70.062388961",0.12186379928315413,0.35634743875278396,0.2867383512544803,0.1492204899777283,0.12007168458781362,"7.120394462",11,0.05875179223680971,,NaN,209,0.37455197132616486
687859,"Johnston, Troy",448,0.9032258064516129,349,"70.057213638",0.055803571428571425,0.3839541547277937,0.29910714285714285,0.1489971346704871,0.11607142857142858,"6.778949821",3,-4.811619315538801,,NaN,191,0.4263392857142857
668930,"Turang, Brice",555,0.9039087947882736,445,"70.053883982",0.0972972972972973,0.3393258426966292,0.27207207207207207,0.1550561797752809,0.12432432432432433,"6.749417964",10,1.939836135555944,,NaN,200,0.36036036036036034
678882,"Rafaela, Ceddanne",579,0.9018691588785047,440,"69.971016045",0.08117443868739208,0.32727272727272727,0.24870466321243523,0.08636363636363636,0.06563039723661486,"7.360093351",11,-4.4950641426315805,,NaN,221,0.38169257340241797
681082,"Stott, Bryson",492,0.9010989010989011,414,"69.945914939",0.06097560975609756,0.3647342995169082,0.30691056910569103,0.13526570048309178,0.11382113821138211,"7.246980467",9,-8.351825896615287,,NaN,217,0.4410569105691057
677587,"Rocchio, Brayan",556,0.8996763754045307,429,"69.928613058",0.0737410071942446,0.3146853146853147,0.24280575539568344,0.08857808857808858,0.0683453237410072,"7.295758669",9,-14.930749200973228,,NaN,219,0.39388489208633093
608324,"Bregman, Alex",564,0.9038461538461539,482,"69.897945089",0.03546099290780142,0.36929460580912865,0.31560283687943264,0.11203319502074689,0.09574468085106383,"6.997923848",10,-17.570212905102498,,NaN,261,0.4627659574468085
700932,"Manzardo, Kyle",468,0.9017341040462428,341,"69.848744231",0.07264957264957264,0.31671554252199413,0.23076923076923078,0.11730205278592376,0.08547008547008547,"7.353253184",8,-11.623943268067123,,NaN,150,0.32051282051282054
643217,"Benintendi, Andrew",474,0.9011406844106464,344,"69.842683502",0.04219409282700423,0.3633720930232558,0.26371308016877637,0.14825581395348839,0.10759493670886076,"7.132315211",11,-12.526294899950988,,NaN,171,0.36075949367088606
671976,"Peters, Tristan",423,0.9,330,"69.661457163",0.06619385342789598,0.3242424242424242,0.25295508274231676,0.10303030303030303,0.08037825059101655,"6.809269031",7,-6.701128880953687,,NaN,150,0.3546099290780142
683953,"Bazzana, Travis",361,0.9002493765586035,272,"69.549205762",0.13850415512465378,0.35294117647058826,0.2659279778393352,0.09558823529411764,0.07202216066481995,"7.007337535",12,-8.529364246036716,,NaN,137,0.37950138504155123
641355,"Bellinger, Cody",549,0.9014778325123153,453,"69.499351384",0.025500910746812388,0.39514348785871967,0.32604735883424407,0.13024282560706402,0.10746812386156648,"7.90434714",5,-7.667631574335672,,NaN,242,0.4408014571948998
807712,"Keaschall, Luke",428,0.8991596638655462,366,"69.430210911",0.10747663551401869,0.319672131147541,0.2733644859813084,0.07923497267759563,0.06775700934579439,"6.76516028",17,-20.87174242458964,,NaN,203,0.4742990654205608
696285,"Young, Jacob",391,0.9050925925925926,316,"69.394563529",0.028132992327365727,0.43037974683544306,0.34782608695652173,0.1518987341772152,0.12276214833759591,"7.165086701",9,-4.149776391905363,,NaN,188,0.48081841432225064
645277,"Albies, Ozzie",617,0.8994169096209913,496,"69.088810616",0.05834683954619125,0.38306451612903225,0.3079416531604538,0.08870967741935484,0.0713128038897893,"7.154874635",10,-15.979658386732211,,NaN,257,0.4165316045380875
681198,"Rumfield, TJ",556,0.8996763754045307,447,"69.044198993",0.08992805755395684,0.30201342281879195,0.24280575539568344,0.09619686800894854,0.07733812949640288,"6.576785216",10,-6.777183848801981,,NaN,226,0.4064748201438849
687462,"Horwitz, Spencer",414,0.9,354,"69.011622681",0.05072463768115942,0.3446327683615819,0.2946859903381642,0.10734463276836158,0.09178743961352658,"6.981985845",4,-3.5536059995341116,,NaN,185,0.4468599033816425
643289,"Dubón, Mauricio",553,0.8991869918699187,474,"68.99988255",0.028933092224231464,0.3206751054852321,0.27486437613019893,0.08016877637130802,0.06871609403254973,"7.61983047",8,-8.20048098177007,,NaN,231,0.4177215189873418
702332,"Durbin, Caleb",412,0.8995633187772926,358,"68.962545291",0.06067961165048544,0.35195530726256985,0.3058252427184466,0.09497206703910614,0.0825242718446602,"6.908303301",15,-9.328072827338612,,NaN,201,0.4878640776699029
676609,"Caballero, José",454,0.899009900990099,333,"68.874502621",0.07048458149779736,0.30930930930930933,0.22687224669603523,0.06606606606606606,0.048458149779735685,"6.803737379",7,-6.939540325490205,,NaN,162,0.3568281938325991
702222,"Crawford, Justin",478,0.9053030303030303,386,"68.777217008",0.041841004184100423,0.30569948186528495,0.24686192468619247,0.10103626943005181,0.08158995815899582,"6.975638766",3,-10.747945696316897,,NaN,182,0.3807531380753138
642086,"Smith, Dominic",352,0.9002557544757033,292,"68.725964943",0.05397727272727273,0.363013698630137,0.30113636363636365,0.11986301369863013,0.09943181818181818,"6.877703523",12,-10.862336549685836,,NaN,156,0.4431818181818182
543760,"Semien, Marcus",534,0.9005059021922428,422,"68.719531536",0.020599250936329586,0.33649289099526064,0.26591760299625467,0.09004739336492891,0.07116104868913857,"7.807568165",20,-25.705825616132465,,NaN,211,0.3951310861423221
656716,"McKinstry, Zach",356,0.9012658227848102,300,"68.62558618",0.04494382022471911,0.26666666666666666,0.2247191011235955,0.056666666666666664,0.047752808988764044,"6.724196348",5,-12.598746216274723,,NaN,134,0.37640449438202245
514888,"Altuve, Jose",409,0.9008810572687225,313,"68.538085037",0.07579462102689488,0.3610223642172524,0.2762836185819071,0.09584664536741214,0.07334963325183375,"7.626480856",8,-7.632555622653008,,NaN,174,0.4254278728606357
683083,"Nuñez, Nasim",476,0.8998109640831758,374,"68.463986954",0.03991596638655462,0.25935828877005346,0.20378151260504201,0.06417112299465241,0.05042016806722689,"6.758110903",16,-21.53205359833856,,NaN,164,0.3445378151260504
808982,"Lee, Jung Hoo",476,0.9015151515151515,424,"68.422613739",0.03151260504201681,0.42452830188679247,0.37815126050420167,0.09669811320754718,0.0861344537815126,"7.73979313",3,-2.5606744944679085,,NaN,248,0.5210084033613446
669364,"Edwards, Xavier",519,0.9073426573426573,445,"68.420435549",0.023121387283236993,0.4044943820224719,0.3468208092485549,0.08089887640449438,0.06936416184971098,"6.532195511",8,-9.003564061761928,,NaN,256,0.4932562620423892
686217,"Frelick, Sal",365,0.8990147783251231,338,"68.397195781",0.030136986301369864,0.3994082840236686,0.3698630136986301,0.11242603550295859,0.10410958904109589,"7.094861808",6,-14.76966858969075,,NaN,201,0.5506849315068493
683737,"Busch, Michael",562,0.8992,420,"68.383146673",0.04448398576512455,0.38095238095238093,0.2846975088967972,0.14047619047619048,0.10498220640569395,"6.983269893",15,-19.809196143373924,,NaN,210,0.3736654804270463
663538,"Hoerner, Nico",549,0.9044481054365733,501,"68.318162259",0.014571948998178506,0.3872255489021956,0.3533697632058288,0.08183632734530938,0.07468123861566485,"7.25966051",10,-20.498838466439285,,NaN,293,0.5336976320582878
689414,"Hicks, Liam",396,0.9,357,"68.216437348",0.030303030303030304,0.4173669467787115,0.37626262626262624,0.12605042016806722,0.11363636363636363,"6.82539803",5,-5.1947057164667,,NaN,222,0.5606060606060606
643446,"McNeil, Jeff",499,0.9023508137432188,432,"68.115960681",0.03206412825651302,0.33564814814814814,0.2905811623246493,0.05555555555555555,0.04809619238476954,"7.149554389",8,-22.170955945710794,,NaN,202,0.40480961923847697
665926,"Giménez, Andrés",497,0.9003623188405797,364,"68.053191368",0.03822937625754528,0.34065934065934067,0.24949698189134809,0.06318681318681318,0.04627766599597585,"6.985297907",9,-19.436893455864478,,NaN,180,0.36217303822937624
621493,"Ward, Taylor",494,0.8998178506375227,407,"68.045637652",0.03036437246963563,0.4152334152334152,0.34210526315789475,0.12285012285012285,0.10121457489878542,"6.845690567",14,-14.95834576052022,,NaN,218,0.44129554655870445
694384,"Schanuel, Nolan",445,0.898989898989899,375,"68.026297281",0.0651685393258427,0.3626666666666667,0.3056179775280899,0.09066666666666667,0.07640449438202247,"6.778654247",13,-10.749398900953649,,NaN,195,0.43820224719101125
676391,"Clement, Ernie",517,0.9006968641114983,446,"67.719092863",0.032882011605415866,0.40358744394618834,0.3481624758220503,0.06278026905829596,0.05415860735009671,"7.160463559",17,-1.6219320762127238,,NaN,260,0.5029013539651838
670623,"Paredes, Isaac",554,0.8993506493506493,459,"67.612121318",0.061371841155234655,0.3311546840958606,0.2743682310469314,0.06971677559912855,0.05776173285198556,"7.823887798",5,-14.08171932637555,,NaN,206,0.37184115523465705
672695,"Perdomo, Geraldo",491,0.9009174311926605,433,"66.927291568",0,0.3810623556581986,0.3360488798370672,0.08314087759815242,0.07331975560081466,"6.989225499",10,-21.713454165874783,,NaN,227,0.4623217922606925
805367,"Meidroth, Chase",517,0.9006968641114983,419,"66.836616692",0.011605415860735012,0.36754176610978523,0.2978723404255319,0.08353221957040573,0.06769825918762089,"6.608119265",9,-9.498505662667068,,NaN,202,0.390715667311412
663968,"Mangum, Jake",410,0.8991228070175439,327,"66.83430061",0.024390243902439025,0.27522935779816515,0.21951219512195122,0.06116207951070336,0.04878048780487805,"6.681615439",8,-2.3295052861430317,,NaN,144,0.35121951219512193
802415,"Simpson, Chandler",412,0.8995633187772926,374,"65.088693083",0.004854368932038835,0.45187165775401067,0.41019417475728154,0.03208556149732621,0.02912621359223301,"6.539419272",5,-12.81378129821915,,NaN,232,0.5631067961165048
650333,"Arraez, Luis",563,0.8993610223642172,517,"63.241612718",0,0.4526112185686654,0.41563055062166965,0.019342359767891684,0.017761989342806393,"5.902455844",2,-6.323186182678632,,NaN,273,0.4849023090586146
680757,"Kwan, Steven",388,0.9002320185614849,365,"62.837856778",0.002577319587628866,0.44931506849315067,0.422680412371134,0.019178082191780823,0.01804123711340206,"6.265695876",4,-20.12912075669794,,NaN,218,0.5618556701030928