Name,AVG,OBP,SLG,OPS,wOBA,wRC+,PA,R,HR,RBI,SB,WAR,BABIP,BB%,K%,ISO
Charlie Culberson,1.0,1.0,1.0,2.0,,,1,0,0,0,0,,1.0,0.0,0.0,0.0
Zack Collins,0.5,0.667,0.5,1.167,,,6,0,0,0,0,,1.0,0.333,0.333,0.0
Alejo Lopez,0.5,0.5,1.0,1.5,,,2,1,0,1,0,,1.0,0.0,0.5,0.5
Michael Pérez,0.5,0.5,0.625,1.125,,,8,1,0,0,0,,0.571,0.0,0.125,0.125
Cole Tucker,0.5,0.6,0.5,1.1,,,10,2,0,2,0,,0.667,0.1,0.2,0.0
Forrest Wall,0.462,0.533,0.846,1.379,,,15,6,1,2,5,,0.625,0.133,0.267,0.384
Abraham Toro,0.444,0.524,0.778,1.302,,,21,4,2,9,0,,0.545,0.095,0.238,0.334
Jeter Downs,0.4,0.667,0.4,1.067,,,9,4,0,1,2,,0.5,0.444,0.111,0.0
Tristan Gray,0.4,0.4,1.0,1.4,,,5,1,1,1,0,,0.25,0.0,0.0,0.6
Ernie Clement,0.38,0.385,0.5,0.885,,,52,7,1,10,1,,0.391,0.019,0.077,0.12
Luis Arraez,0.354,0.393,0.469,0.862,,,617,71,10,69,3,,0.362,0.057,0.055,0.115
Ronald Acuña Jr.,0.337,0.416,0.596,1.012,,,735,149,41,106,73,,0.338,0.109,0.114,0.259
Drew Maggi,0.333,0.333,0.5,0.833,,,6,1,0,1,0,,0.4,0.0,0.167,0.167
Freddie Freeman,0.331,0.41,0.567,0.977,,,730,131,29,102,23,,0.37,0.099,0.166,0.236
Yandy Díaz,0.33,0.41,0.522,0.932,,,600,95,22,78,0,,0.367,0.108,0.157,0.192
Corey Seager,0.327,0.39,0.623,1.013,,,536,88,33,96,2,,0.34,0.091,0.164,0.296
Nick Loftin,0.323,0.368,0.435,0.803,,,68,10,0,10,2,,0.392,0.059,0.176,0.112
Luis Campusano,0.319,0.356,0.491,0.847,,,174,27,7,30,0,,0.331,0.04,0.121,0.172
Wilyer Abreu,0.316,0.388,0.474,0.862,,,85,10,2,14,3,,0.431,0.106,0.271,0.158
Sean Bouchard,0.316,0.372,0.684,1.056,,,43,11,4,7,0,,0.381,0.093,0.326,0.368
Noelvi Marte,0.316,0.366,0.456,0.822,,,123,15,3,15,6,,0.384,0.065,0.203,0.14
Harold Ramírez,0.313,0.353,0.46,0.813,,,434,58,12,68,5,,0.359,0.051,0.182,0.147
Weston Wilson,0.313,0.5,0.5,1.0,,,22,5,1,2,3,,0.4,0.273,0.227,0.187
Jose Altuve,0.311,0.393,0.522,0.915,,,410,76,17,51,14,,0.348,0.107,0.173,0.211
Royce Lewis,0.309,0.372,0.548,0.92,,,239,36,15,52,6,,0.354,0.084,0.23,0.239
Josh Naylor,0.308,0.354,0.489,0.843,,,495,52,17,97,10,,0.326,0.067,0.137,0.181
Cody Bellinger,0.307,0.356,0.525,0.881,,,556,95,26,97,20,,0.319,0.072,0.156,0.218
Mookie Betts,0.307,0.408,0.579,0.987,,,693,126,39,107,14,,0.316,0.139,0.154,0.272
Bo Bichette,0.306,0.339,0.475,0.814,,,601,69,20,73,5,,0.355,0.045,0.191,0.169
Evan Carter,0.306,0.413,0.645,1.058,,,75,15,5,12,3,,0.412,0.16,0.32,0.339
Shohei Ohtani,0.304,0.412,0.654,1.066,,,599,102,44,95,20,,0.342,0.152,0.239,0.35
Johan Rojas,0.302,0.342,0.43,0.772,,,164,24,2,23,14,,0.41,0.03,0.256,0.128
Dominic Fletcher,0.301,0.35,0.441,0.791,,,102,10,2,14,0,,0.377,0.069,0.216,0.14
Victor Robles,0.299,0.385,0.364,0.749,,,126,15,0,8,8,,0.36,0.087,0.143,0.065
Gio Urshela,0.299,0.329,0.374,0.703,,,228,22,2,24,3,,0.346,0.044,0.158,0.075
Jared Triolo,0.298,0.388,0.398,0.786,,,209,30,3,21,6,,0.44,0.115,0.301,0.1
Iván Herrera,0.297,0.409,0.351,0.76,,,44,6,0,4,0,,0.423,0.114,0.25,0.054
Nolan Jones,0.297,0.389,0.542,0.931,,,424,60,20,62,20,,0.401,0.125,0.297,0.245
Jarren Duran,0.295,0.346,0.482,0.828,,,362,46,8,40,24,,0.381,0.066,0.249,0.187
Xavier Edwards,0.295,0.329,0.333,0.662,,,84,12,0,3,5,,0.359,0.036,0.167,0.038
Alexander Canario,0.294,0.294,0.647,0.941,,,17,1,1,6,0,,0.5,0.0,0.471,0.353
Jon Berti,0.294,0.344,0.405,0.749,,,424,53,7,33,16,,0.349,0.068,0.182,0.111
Bryce Harper,0.293,0.401,0.499,0.9,,,546,84,21,72,11,,0.352,0.147,0.218,0.206
Michael Harris II,0.293,0.331,0.477,0.808,,,539,76,18,57,20,,0.334,0.046,0.187,0.184
Yordan Alvarez,0.293,0.407,0.583,0.99,,,496,77,31,97,0,,0.306,0.139,0.185,0.29
Josh Lowe,0.292,0.335,0.5,0.835,,,501,71,20,83,32,,0.357,0.062,0.248,0.208
Matt McLain,0.29,0.357,0.507,0.864,,,403,65,16,50,14,,0.385,0.077,0.285,0.217
Óscar Mercado,0.29,0.313,0.387,0.7,,,32,3,0,5,2,,0.333,0.031,0.125,0.097
Michael Stefanic,0.29,0.38,0.355,0.735,,,71,5,0,6,0,,0.333,0.113,0.113,0.065
Tom Murphy,0.29,0.335,0.538,0.873,,,159,19,8,17,0,,0.358,0.063,0.277,0.248
Ryan O'Hearn,0.289,0.322,0.48,0.802,,,368,48,14,60,5,,0.34,0.041,0.223,0.191
William Contreras,0.289,0.367,0.457,0.824,,,611,86,17,78,6,,0.348,0.103,0.206,0.168
Masataka Yoshida,0.289,0.338,0.445,0.783,,,580,71,15,72,8,,0.316,0.059,0.14,0.156
Riley Greene,0.288,0.349,0.447,0.796,,,416,51,11,37,7,,0.384,0.084,0.274,0.159
Pablo Reyes,0.287,0.339,0.377,0.716,,,185,27,2,20,7,,0.315,0.076,0.114,0.09
Andre Lipcius,0.286,0.342,0.4,0.742,,,38,3,1,4,0,,0.346,0.079,0.211,0.114
Drew Millas,0.286,0.375,0.464,0.839,,,33,1,1,6,0,,0.318,0.121,0.152,0.178
Seiya Suzuki,0.285,0.357,0.485,0.842,,,583,75,20,74,6,,0.341,0.101,0.223,0.2
Xander Bogaerts,0.285,0.35,0.44,0.79,,,665,83,19,58,19,,0.319,0.084,0.165,0.155
Corbin Carroll,0.285,0.362,0.506,0.868,,,645,116,25,76,54,,0.325,0.088,0.194,0.221
Gabriel Moreno,0.284,0.339,0.408,0.747,,,380,33,7,50,6,,0.338,0.076,0.197,0.124
Brendan Donovan,0.284,0.365,0.422,0.787,,,371,48,11,34,5,,0.311,0.089,0.143,0.138
Kyle Tucker,0.284,0.369,0.517,0.886,,,674,97,29,112,30,,0.289,0.119,0.136,0.233
Wilmer Flores,0.284,0.355,0.509,0.864,,,454,51,23,60,0,,0.286,0.09,0.139,0.225
Matt Olson,0.283,0.389,0.604,0.993,,,720,127,54,139,1,,0.302,0.144,0.232,0.321
Nico Hoerner,0.283,0.346,0.383,0.729,,,688,98,9,68,43,,0.312,0.071,0.121,0.1
Donovan Solano,0.282,0.369,0.391,0.76,,,450,43,5,38,0,,0.366,0.089,0.222,0.109
Yainer Diaz,0.282,0.308,0.538,0.846,,,377,51,23,60,0,,0.292,0.029,0.196,0.256
José Ramírez,0.282,0.356,0.475,0.831,,,691,87,24,80,28,,0.285,0.106,0.106,0.193
Austin Riley,0.281,0.345,0.516,0.861,,,715,117,37,97,3,,0.324,0.083,0.241,0.235
Freddy Fermin,0.281,0.321,0.461,0.782,,,235,26,9,32,0,,0.323,0.055,0.213,0.18
Wander Franco,0.281,0.344,0.475,0.819,,,491,65,17,58,30,,0.297,0.086,0.141,0.194
Bryson Stott,0.28,0.329,0.419,0.748,,,640,78,15,62,31,,0.312,0.061,0.156,0.139
Ozzie Albies,0.28,0.336,0.513,0.849,,,660,96,33,109,13,,0.289,0.07,0.162,0.233
Vaughn Grissom,0.28,0.313,0.347,0.66,,,80,5,0,9,0,,0.344,0.025,0.188,0.067
Mickey Moniak,0.28,0.307,0.495,0.802,,,323,35,14,45,6,,0.397,0.028,0.35,0.215
TJ Friedl,0.279,0.352,0.467,0.819,,,556,73,18,66,27,,0.308,0.085,0.162,0.188
Charlie Blackmon,0.279,0.363,0.44,0.803,,,413,57,8,40,4,,0.307,0.094,0.133,0.161
Mauricio Dubón,0.278,0.309,0.411,0.72,,,492,76,10,46,7,,0.308,0.039,0.142,0.133
Christian Yelich,0.278,0.37,0.447,0.817,,,632,106,19,76,28,,0.342,0.123,0.222,0.169
Michael Brantley,0.278,0.298,0.426,0.724,,,57,7,2,7,0,,0.255,0.035,0.035,0.148
Kerry Carpenter,0.278,0.34,0.471,0.811,,,459,57,20,64,6,,0.338,0.07,0.251,0.193
Brandon Marsh,0.277,0.372,0.458,0.83,,,472,58,12,60,10,,0.397,0.125,0.305,0.181
Adley Rutschman,0.277,0.374,0.435,0.809,,,687,84,20,80,1,,0.303,0.134,0.147,0.158
Ryan Jeffers,0.276,0.369,0.49,0.859,,,335,46,14,43,3,,0.359,0.099,0.278,0.214
Jordan Walker,0.276,0.342,0.445,0.787,,,465,51,16,51,7,,0.331,0.08,0.224,0.169
Bobby Witt Jr.,0.276,0.319,0.495,0.814,,,694,97,30,96,49,,0.295,0.058,0.174,0.219
Marcus Semien,0.276,0.348,0.478,0.826,,,753,122,29,100,14,,0.291,0.096,0.146,0.202
Garrett Hampson,0.276,0.349,0.38,0.729,,,252,30,3,23,5,,0.379,0.091,0.266,0.104
Justin Turner,0.276,0.345,0.455,0.8,,,626,86,23,96,4,,0.304,0.081,0.176,0.179
Ketel Marte,0.276,0.358,0.485,0.843,,,650,94,25,82,8,,0.3,0.109,0.168,0.209
Ezequiel Duran,0.276,0.324,0.443,0.767,,,439,55,14,46,8,,0.358,0.052,0.273,0.167
Davis Schneider,0.276,0.404,0.603,1.007,,,141,23,8,20,1,,0.369,0.149,0.305,0.327
Will Benson,0.275,0.365,0.498,0.863,,,329,51,11,31,19,,0.391,0.122,0.313,0.223
Julio Rodríguez,0.275,0.333,0.485,0.818,,,714,102,32,103,37,,0.33,0.066,0.245,0.21
Nolan Schanuel,0.275,0.402,0.33,0.732,,,132,19,1,6,0,,0.326,0.152,0.144,0.055
Austin Hays,0.275,0.325,0.444,0.769,,,566,76,16,67,5,,0.345,0.067,0.249,0.169
Joey Meneses,0.275,0.321,0.401,0.722,,,657,71,13,89,0,,0.329,0.058,0.198,0.126
Juan Soto,0.275,0.41,0.519,0.929,,,708,97,35,109,12,,0.296,0.186,0.182,0.244
Alec Bohm,0.274,0.327,0.437,0.764,,,611,74,20,97,4,,0.296,0.069,0.154,0.163
Brandon Nimmo,0.274,0.363,0.466,0.829,,,682,89,24,68,3,,0.324,0.109,0.214,0.192
Marcell Ozuna,0.274,0.346,0.558,0.904,,,592,84,40,100,0,,0.293,0.096,0.226,0.284
Gleyber Torres,0.273,0.347,0.453,0.8,,,672,90,25,68,13,,0.288,0.1,0.146,0.18
Chas McCormick,0.273,0.353,0.489,0.842,,,457,59,22,70,19,,0.331,0.088,0.256,0.216
Riley Adams,0.273,0.331,0.476,0.807,,,158,8,4,21,0,,0.368,0.07,0.285,0.203
Whit Merrifield,0.272,0.318,0.382,0.7,,,592,66,11,67,26,,0.313,0.061,0.171,0.11
Eloy Jiménez,0.272,0.317,0.441,0.758,,,489,50,18,64,0,,0.305,0.061,0.19,0.169
Nick Castellanos,0.272,0.311,0.476,0.787,,,671,79,29,106,11,,0.337,0.054,0.276,0.204
Maikel Garcia,0.272,0.323,0.358,0.681,,,515,59,4,50,23,,0.344,0.074,0.223,0.086
Spencer Steer,0.271,0.356,0.464,0.82,,,665,74,23,86,15,,0.318,0.102,0.209,0.193
Ke'Bryan Hayes,0.271,0.309,0.453,0.762,,,525,65,15,61,10,,0.315,0.053,0.198,0.182
J.D. Martinez,0.271,0.321,0.572,0.893,,,479,61,33,103,1,,0.324,0.071,0.311,0.301
Thairo Estrada,0.271,0.315,0.416,0.731,,,530,63,14,49,23,,0.331,0.042,0.226,0.145
Rafael Devers,0.271,0.351,0.5,0.851,,,656,90,33,100,5,,0.292,0.095,0.192,0.229
Alex Kirilloff,0.27,0.348,0.445,0.793,,,319,35,11,41,1,,0.337,0.088,0.251,0.175
Yonathan Daza,0.27,0.304,0.351,0.655,,,80,8,0,7,1,,0.323,0.037,0.163,0.081
Christian Encarnacion-Strand,0.27,0.328,0.477,0.805,,,241,29,13,37,2,,0.336,0.058,0.286,0.207
Mitch Garver,0.27,0.37,0.5,0.87,,,344,45,19,50,0,,0.313,0.128,0.238,0.23
Austin Slater,0.27,0.348,0.4,0.748,,,207,24,5,20,2,,0.369,0.097,0.28,0.13
Jeff McNeil,0.27,0.333,0.378,0.711,,,648,75,10,55,10,,0.288,0.06,0.1,0.108
Ryan Mountcastle,0.27,0.328,0.452,0.78,,,470,64,18,68,3,,0.315,0.079,0.228,0.182
Jason Heyward,0.269,0.34,0.473,0.813,,,377,56,15,40,2,,0.291,0.09,0.17,0.204
Stone Garrett,0.269,0.343,0.457,0.8,,,271,40,9,40,3,,0.365,0.096,0.303,0.188
Dane Myers,0.269,0.286,0.358,0.644,,,70,9,1,9,1,,0.354,0.029,0.271,0.089
Paul Goldschmidt,0.268,0.363,0.447,0.81,,,687,89,25,80,11,,0.327,0.127,0.234,0.179
Steven Kwan,0.268,0.34,0.37,0.71,,,718,93,5,54,21,,0.294,0.097,0.104,0.102
Lane Thomas,0.268,0.315,0.468,0.783,,,682,101,28,86,20,,0.325,0.053,0.258,0.2
Elias Díaz,0.267,0.316,0.409,0.725,,,526,48,14,72,1,,0.324,0.065,0.224,0.142
Reese McGuire,0.267,0.31,0.358,0.668,,,206,15,1,16,2,,0.366,0.053,0.257,0.091
Randal Grichuk,0.267,0.321,0.459,0.78,,,471,65,16,44,2,,0.309,0.062,0.204,0.192
Aaron Judge,0.267,0.406,0.613,1.019,,,458,79,37,75,3,,0.3,0.192,0.284,0.346
Yan Gomes,0.267,0.315,0.408,0.723,,,419,44,10,63,1,,0.309,0.05,0.193,0.141
Zack Gelof,0.267,0.337,0.504,0.841,,,300,40,14,32,14,,0.331,0.087,0.273,0.237
Luis García Jr.,0.266,0.304,0.385,0.689,,,482,61,9,50,9,,0.286,0.056,0.124,0.119
Will Brennan,0.266,0.299,0.356,0.655,,,455,41,5,41,13,,0.296,0.035,0.125,0.09
Enmanuel Valdez,0.266,0.311,0.453,0.764,,,149,17,6,19,5,,0.323,0.054,0.248,0.187
Leody Taveras,0.266,0.312,0.421,0.733,,,554,67,14,67,14,,0.318,0.063,0.211,0.155
Nolan Arenado,0.266,0.315,0.459,0.774,,,612,71,26,93,3,,0.279,0.067,0.165,0.193
Trea Turner,0.266,0.32,0.459,0.779,,,691,102,26,76,30,,0.31,0.065,0.217,0.193
J.P. Crawford,0.266,0.38,0.438,0.818,,,638,94,19,65,2,,0.314,0.147,0.196,0.172
Josh Jung,0.266,0.315,0.467,0.782,,,515,75,23,70,1,,0.34,0.058,0.293,0.201
Kevin Kiermaier,0.265,0.322,0.419,0.741,,,408,58,8,36,14,,0.321,0.071,0.211,0.154
Orlando Arcia,0.264,0.321,0.42,0.741,,,533,66,17,65,1,,0.301,0.073,0.191,0.156
Vladimir Guerrero Jr.,0.264,0.345,0.444,0.789,,,682,78,26,94,5,,0.277,0.098,0.147,0.18
Andy Ibáñez,0.264,0.312,0.433,0.745,,,383,42,11,41,1,,0.3,0.063,0.18,0.169
Willson Contreras,0.264,0.358,0.467,0.825,,,495,55,20,67,6,,0.311,0.103,0.224,0.203
Luis Rengifo,0.264,0.339,0.444,0.783,,,445,55,16,51,6,,0.293,0.092,0.184,0.18
Nick Martini,0.264,0.329,0.583,0.912,,,79,10,6,16,0,,0.255,0.063,0.19,0.319
Ramón Urías,0.264,0.328,0.375,0.703,,,396,45,4,42,3,,0.355,0.068,0.255,0.111
Luis Robert Jr.,0.264,0.315,0.542,0.857,,,595,90,38,80,20,,0.314,0.05,0.289,0.278
Alex Verdugo,0.264,0.324,0.421,0.745,,,602,81,13,54,5,,0.294,0.075,0.154,0.157
Manuel Margot,0.264,0.31,0.376,0.686,,,336,39,4,38,9,,0.306,0.054,0.164,0.112
Jeremy Peña,0.263,0.324,0.381,0.705,,,634,81,10,52,13,,0.323,0.068,0.203,0.118
Triston Casas,0.263,0.367,0.49,0.857,,,502,66,24,65,0,,0.317,0.139,0.251,0.227
Edouard Julien,0.263,0.381,0.459,0.84,,,408,60,16,37,3,,0.371,0.157,0.314,0.196
Travis Jankowski,0.263,0.357,0.332,0.689,,,287,34,1,30,19,,0.311,0.122,0.146,0.069
Bryan Reynolds,0.263,0.33,0.46,0.79,,,640,85,24,84,12,,0.304,0.083,0.216,0.197
Mike Trout,0.263,0.367,0.49,0.857,,,362,54,18,44,2,,0.335,0.124,0.287,0.227
Nick Madrigal,0.263,0.311,0.352,0.663,,,294,34,2,28,10,,0.283,0.034,0.082,0.089
Amed Rosario,0.263,0.305,0.378,0.683,,,545,70,6,58,15,,0.314,0.053,0.182,0.115
Edward Olivares,0.263,0.317,0.452,0.769,,,385,47,12,36,11,,0.289,0.057,0.166,0.189
Mark Canha,0.262,0.355,0.4,0.755,,,507,51,11,62,11,,0.293,0.097,0.156,0.138
Alex Bregman,0.262,0.363,0.441,0.804,,,724,103,25,98,3,,0.27,0.127,0.12,0.179
Jonny DeLuca,0.262,0.311,0.429,0.74,,,45,5,2,6,1,,0.281,0.067,0.178,0.167
Brandon Drury,0.262,0.306,0.497,0.803,,,523,61,26,83,0,,0.308,0.048,0.26,0.235
Nathaniel Lowe,0.262,0.36,0.414,0.774,,,724,89,17,82,1,,0.329,0.128,0.228,0.152
Andrew Benintendi,0.262,0.326,0.356,0.682,,,621,72,5,45,13,,0.301,0.084,0.143,0.094
Lourdes Gurriel Jr.,0.261,0.309,0.463,0.772,,,592,65,24,82,5,,0.282,0.056,0.174,0.202
Owen Miller,0.261,0.303,0.371,0.674,,,314,29,5,27,13,,0.31,0.054,0.194,0.11
Matt Vierling,0.261,0.329,0.388,0.717,,,530,63,10,44,6,,0.321,0.083,0.211,0.127
Will Smith,0.261,0.359,0.438,0.797,,,554,80,19,76,3,,0.277,0.114,0.161,0.177
Emmanuel Rivera,0.261,0.314,0.358,0.672,,,283,32,4,29,1,,0.313,0.078,0.198,0.097
Lars Nootbaar,0.261,0.367,0.418,0.785,,,503,74,14,46,11,,0.307,0.143,0.197,0.157
Yoán Moncada,0.26,0.305,0.425,0.73,,,357,39,11,40,1,,0.35,0.056,0.3,0.165
Conner Capel,0.26,0.372,0.329,0.701,,,86,6,0,3,5,,0.396,0.14,0.291,0.069
Max Kepler,0.26,0.332,0.484,0.816,,,491,72,24,66,1,,0.288,0.092,0.216,0.224
Ha-Seong Kim,0.26,0.351,0.398,0.749,,,626,84,17,60,38,,0.306,0.12,0.198,0.138
Keibert Ruiz,0.26,0.308,0.409,0.717,,,562,55,18,67,1,,0.263,0.055,0.103,0.149
Jordan Westburg,0.26,0.311,0.404,0.715,,,228,26,3,23,4,,0.336,0.07,0.246,0.144
David Peralta,0.259,0.294,0.381,0.675,,,422,47,7,55,4,,0.296,0.047,0.171,0.122
Andruw Monasterio,0.259,0.33,0.348,0.678,,,315,38,3,27,7,,0.326,0.089,0.21,0.089
Victor Caratini,0.259,0.327,0.383,0.71,,,226,23,7,25,1,,0.296,0.084,0.199,0.124
Brendan Rodgers,0.258,0.313,0.388,0.701,,,192,21,4,20,0,,0.316,0.057,0.214,0.13
Matthew Batten,0.258,0.355,0.358,0.713,,,139,19,2,11,2,,0.33,0.122,0.216,0.1
Jonah Heim,0.258,0.317,0.438,0.755,,,501,61,18,95,2,,0.289,0.08,0.192,0.18
Dairon Blanco,0.258,0.324,0.452,0.776,,,138,19,3,18,24,,0.33,0.072,0.239,0.194
Jasson Domínguez,0.258,0.303,0.677,0.98,,,33,6,4,7,1,,0.211,0.061,0.242,0.419
Richie Palacios,0.258,0.307,0.516,0.823,,,102,9,6,16,2,,0.234,0.059,0.108,0.258
Andrew Vaughn,0.258,0.314,0.429,0.743,,,615,67,21,80,0,,0.299,0.059,0.21,0.171
Manny Machado,0.258,0.319,0.462,0.781,,,601,75,30,91,3,,0.268,0.083,0.181,0.204
George Springer,0.258,0.327,0.405,0.732,,,683,87,21,72,20,,0.291,0.088,0.183,0.147
Christian Walker,0.258,0.333,0.497,0.83,,,661,86,33,103,11,,0.272,0.094,0.192,0.239
Teoscar Hernández,0.258,0.305,0.435,0.74,,,678,70,26,93,7,,0.342,0.056,0.311,0.177
Miguel Cabrera,0.257,0.322,0.353,0.675,,,370,21,4,34,0,,0.317,0.084,0.2,0.096
Fernando Tatis Jr.,0.257,0.322,0.449,0.771,,,635,91,25,78,29,,0.299,0.083,0.222,0.192
Bryan De La Cruz,0.257,0.304,0.411,0.715,,,626,60,19,78,4,,0.307,0.064,0.227,0.154
Anthony Santander,0.257,0.325,0.472,0.797,,,656,81,28,95,5,,0.299,0.084,0.232,0.215
Willi Castro,0.257,0.339,0.411,0.75,,,409,60,9,34,33,,0.328,0.083,0.242,0.154
Spencer Horwitz,0.256,0.341,0.385,0.726,,,44,5,1,7,0,,0.346,0.091,0.273,0.129
Andrew McCutchen,0.256,0.378,0.397,0.775,,,473,55,12,43,11,,0.312,0.159,0.211,0.141
LaMonte Wade Jr.,0.256,0.373,0.417,0.79,,,519,64,17,45,2,,0.29,0.146,0.183,0.161
Kyle Farmer,0.256,0.317,0.408,0.725,,,369,49,11,46,2,,0.311,0.062,0.233,0.152
Jake Fraley,0.256,0.339,0.443,0.782,,,380,41,15,65,21,,0.283,0.097,0.187,0.187
Tommy Pham,0.256,0.328,0.446,0.774,,,481,55,16,68,22,,0.3,0.098,0.22,0.19
Sam Huff,0.256,0.289,0.512,0.801,,,45,5,3,6,0,,0.348,0.044,0.378,0.256
Gunnar Henderson,0.255,0.325,0.489,0.814,,,622,100,28,82,10,,0.306,0.09,0.256,0.234
Eddie Rosario,0.255,0.305,0.45,0.755,,,516,64,21,74,3,,0.3,0.066,0.236,0.195
Jorge Polanco,0.255,0.335,0.454,0.789,,,343,38,14,48,4,,0.31,0.105,0.257,0.199
Tyler Wade,0.255,0.309,0.314,0.623,,,55,8,0,2,4,,0.342,0.073,0.236,0.059
Salvador Perez,0.255,0.292,0.422,0.714,,,580,59,23,80,0,,0.294,0.033,0.233,0.167
Dominic Smith,0.254,0.326,0.366,0.692,,,586,57,12,46,1,,0.286,0.08,0.155,0.112
Francisco Lindor,0.254,0.336,0.47,0.806,,,687,108,31,98,31,,0.277,0.096,0.199,0.216
Ryan McKenna,0.254,0.316,0.361,0.677,,,139,23,2,18,5,,0.354,0.065,0.288,0.107
Randy Arozarena,0.254,0.364,0.425,0.789,,,654,95,23,83,22,,0.31,0.122,0.239,0.171
Esteury Ruiz,0.254,0.309,0.345,0.654,,,497,47,5,47,67,,0.315,0.04,0.199,0.091
Brandon Belt,0.254,0.369,0.49,0.859,,,404,53,19,43,0,,0.37,0.151,0.349,0.236
Kevin Newman,0.253,0.311,0.364,0.675,,,253,28,3,28,8,,0.28,0.067,0.134,0.111
Curtis Mead,0.253,0.326,0.349,0.675,,,92,12,1,5,0,,0.328,0.076,0.228,0.096
Ezequiel Tovar,0.253,0.287,0.408,0.695,,,615,79,15,73,11,,0.328,0.041,0.27,0.155
Taylor Ward,0.253,0.335,0.421,0.756,,,409,60,14,47,4,,0.284,0.095,0.196,0.168
Aaron Hicks,0.253,0.353,0.383,0.736,,,312,44,8,36,6,,0.311,0.135,0.221,0.13
Jesús Sánchez,0.253,0.327,0.45,0.777,,,402,43,14,52,3,,0.321,0.095,0.266,0.197
Sam Haggerty,0.253,0.364,0.341,0.705,,,108,13,1,5,10,,0.301,0.139,0.157,0.088
Jarred Kelenic,0.253,0.327,0.419,0.746,,,416,44,11,49,13,,0.359,0.099,0.317,0.166
René Pinto,0.252,0.267,0.456,0.723,,,105,10,6,16,0,,0.317,0.019,0.324,0.204
Jacob Young,0.252,0.322,0.336,0.658,,,121,9,0,12,13,,0.318,0.083,0.182,0.084
Mike Tauchman,0.252,0.363,0.377,0.74,,,401,64,8,48,7,,0.313,0.14,0.214,0.125
Harold Castro,0.252,0.275,0.314,0.589,,,270,24,1,31,1,,0.332,0.033,0.244,0.062
Ildemaro Vargas,0.252,0.304,0.363,0.667,,,286,32,4,31,1,,0.259,0.066,0.07,0.111
Zach Remillard,0.252,0.295,0.32,0.615,,,160,16,1,18,4,,0.367,0.05,0.3,0.068
J.T. Realmuto,0.252,0.31,0.452,0.762,,,540,70,20,63,16,,0.307,0.065,0.256,0.2
Jason Delay,0.251,0.319,0.347,0.666,,,187,20,1,18,0,,0.333,0.075,0.235,0.096
Jeimer Candelario,0.251,0.336,0.471,0.807,,,576,77,22,70,8,,0.292,0.092,0.22,0.22
Sean Murphy,0.251,0.365,0.478,0.843,,,438,65,21,68,0,,0.286,0.112,0.224,0.227
Andrés Giménez,0.251,0.314,0.399,0.713,,,616,76,15,62,30,,0.289,0.052,0.182,0.148
Elvis Andrus,0.251,0.304,0.358,0.662,,,406,39,6,44,12,,0.294,0.062,0.175,0.107
Matt Duffy,0.251,0.306,0.325,0.631,,,209,17,2,16,1,,0.303,0.057,0.187,0.074
Garrett Cooper,0.251,0.304,0.419,0.723,,,457,42,17,61,0,,0.324,0.068,0.289,0.168
Edmundo Sosa,0.251,0.293,0.427,0.72,,,300,34,10,30,4,,0.306,0.027,0.247,0.176
Ty France,0.25,0.337,0.366,0.703,,,665,79,12,58,1,,0.294,0.065,0.176,0.116
Miguel Andujar,0.25,0.3,0.476,0.776,,,90,9,4,18,2,,0.254,0.067,0.144,0.226
Jake Burger,0.25,0.309,0.518,0.827,,,540,71,34,80,1,,0.284,0.059,0.276,0.268
Jazz Chisholm Jr.,0.25,0.304,0.457,0.761,,,383,50,19,51,22,,0.318,0.068,0.308,0.207
Oneil Cruz,0.25,0.375,0.375,0.75,,,40,7,1,4,3,,0.292,0.175,0.2,0.125
Corey Dickerson,0.25,0.283,0.354,0.637,,,152,12,2,17,0,,0.296,0.046,0.184,0.104
Alejandro Kirk,0.25,0.334,0.358,0.692,,,422,34,8,43,0,,0.265,0.1,0.107,0.108
Luis Matos,0.25,0.319,0.342,0.661,,,253,24,2,14,3,,0.285,0.079,0.13,0.092
Isaac Paredes,0.25,0.352,0.488,0.84,,,571,71,31,98,1,,0.257,0.102,0.182,0.238
Manny Piña,0.25,0.25,0.5,0.75,,,12,1,1,1,0,,0.25,0.0,0.25,0.25
Eguy Rosario,0.25,0.27,0.5,0.77,,,37,6,2,6,0,,0.318,0.027,0.324,0.25
Jorge Soler,0.25,0.341,0.512,0.853,,,580,77,36,75,1,,0.272,0.114,0.243,0.262
Luis Torrens,0.25,0.3,0.357,0.657,,,30,1,0,4,0,,0.368,0.033,0.3,0.107
Luke Raley,0.249,0.333,0.49,0.823,,,406,56,19,49,14,,0.33,0.069,0.315,0.241
Matt Wallner,0.249,0.37,0.507,0.877,,,254,42,14,41,2,,0.328,0.11,0.315,0.258
James Outman,0.248,0.353,0.437,0.79,,,567,86,23,70,16,,0.343,0.12,0.319,0.189
Tommy Edman,0.248,0.307,0.399,0.706,,,528,69,13,47,27,,0.275,0.066,0.159,0.151
Ian Happ,0.248,0.36,0.431,0.791,,,691,86,21,84,14,,0.299,0.143,0.221,0.183
C.J. Cron,0.248,0.295,0.434,0.729,,,278,38,12,37,0,,0.284,0.061,0.234,0.186
J.D. Davis,0.248,0.325,0.413,0.738,,,546,61,18,69,1,,0.32,0.095,0.278,0.165
Santiago Espinal,0.248,0.31,0.335,0.645,,,254,30,2,25,2,,0.285,0.071,0.142,0.087
Starling Marte,0.248,0.301,0.324,0.625,,,341,38,5,28,24,,0.303,0.047,0.202,0.076
Ronny Mauricio,0.248,0.296,0.347,0.643,,,108,11,2,9,7,,0.338,0.065,0.287,0.099
Rob Refsnyder,0.248,0.365,0.317,0.682,,,243,31,1,28,7,,0.316,0.136,0.193,0.069
Christopher Morel,0.247,0.313,0.508,0.821,,,429,62,26,70,6,,0.303,0.084,0.31,0.261
David Fletcher,0.247,0.302,0.326,0.628,,,97,7,2,12,0,,0.256,0.072,0.093,0.079
Mike Moustakas,0.247,0.293,0.392,0.685,,,386,43,12,48,0,,0.296,0.06,0.246,0.145
Connor Joe,0.247,0.339,0.421,0.76,,,472,63,11,42,3,,0.311,0.106,0.233,0.174
Brayan Rocchio,0.247,0.279,0.321,0.6,,,86,9,0,8,0,,0.364,0.047,0.314,0.074
Adam Duvall,0.247,0.303,0.531,0.834,,,353,45,21,58,4,,0.299,0.062,0.312,0.284
Josh Bell,0.247,0.325,0.419,0.744,,,617,52,22,74,0,,0.287,0.102,0.217,0.172
Vinnie Pasquantino,0.247,0.324,0.437,0.761,,,260,24,9,26,0,,0.25,0.096,0.119,0.19
Brent Rooker,0.246,0.329,0.488,0.817,,,526,61,30,69,4,,0.317,0.093,0.327,0.242
Garrett Mitchell,0.246,0.315,0.446,0.761,,,73,10,3,7,1,,0.351,0.096,0.356,0.2
Sal Frelick,0.246,0.341,0.351,0.692,,,223,29,3,24,7,,0.286,0.126,0.166,0.105
Geraldo Perdomo,0.246,0.353,0.359,0.712,,,495,71,6,47,16,,0.295,0.129,0.174,0.113
Tim Anderson,0.245,0.286,0.296,0.582,,,524,52,1,25,13,,0.323,0.05,0.233,0.051
Josh Rojas,0.245,0.303,0.338,0.641,,,350,47,4,40,12,,0.313,0.077,0.231,0.093
CJ Abrams,0.245,0.3,0.412,0.712,,,614,83,18,64,47,,0.279,0.052,0.192,0.167
Adolis García,0.245,0.328,0.508,0.836,,,632,108,39,107,9,,0.28,0.103,0.277,0.263
Yuli Gurriel,0.245,0.304,0.359,0.663,,,329,32,4,27,4,,0.272,0.079,0.134,0.114
Corey Julks,0.245,0.297,0.352,0.649,,,323,35,6,33,15,,0.306,0.068,0.232,0.107
Terrin Vavra,0.245,0.315,0.245,0.56,,,56,9,0,5,1,,0.324,0.089,0.214,0.0
Nelson Cruz,0.245,0.283,0.399,0.682,,,152,9,5,23,1,,0.323,0.039,0.303,0.154
Jonathan India,0.244,0.338,0.407,0.745,,,529,78,17,61,14,,0.281,0.098,0.206,0.163
Alec Burleson,0.244,0.3,0.39,0.69,,,347,34,8,36,3,,0.261,0.066,0.13,0.146
Jonathan Davis,0.244,0.307,0.378,0.685,,,104,22,2,10,1,,0.328,0.067,0.279,0.134
Dansby Swanson,0.244,0.328,0.416,0.744,,,638,81,22,80,9,,0.297,0.103,0.241,0.172
Anthony Rizzo,0.244,0.328,0.378,0.706,,,421,45,12,41,0,,0.298,0.083,0.23,0.134
DJ Stewart,0.244,0.333,0.506,0.839,,,185,21,11,26,1,,0.298,0.081,0.303,0.262
DJ LeMahieu,0.243,0.327,0.39,0.717,,,562,55,15,44,2,,0.295,0.107,0.222,0.147
Henry Ramos,0.243,0.349,0.311,0.66,,,86,9,0,5,2,,0.34,0.128,0.244,0.068
Tyler Stephenson,0.243,0.317,0.378,0.695,,,517,59,13,56,0,,0.314,0.091,0.261,0.135
Elehuris Montero,0.243,0.29,0.426,0.716,,,307,40,11,39,0,,0.352,0.049,0.362,0.183
Jake McCarthy,0.243,0.318,0.326,0.644,,,312,37,2,16,26,,0.305,0.083,0.199,0.083
Isiah Kiner-Falefa,0.242,0.306,0.34,0.646,,,361,39,6,37,14,,0.289,0.078,0.194,0.098
Tyler Freeman,0.242,0.295,0.366,0.661,,,168,20,4,18,5,,0.275,0.06,0.179,0.124
Jurickson Profar,0.242,0.321,0.368,0.689,,,521,55,9,46,1,,0.279,0.096,0.173,0.126
Michael Chavis,0.242,0.281,0.341,0.622,,,96,16,2,5,1,,0.357,0.052,0.344,0.099
Andrew Knizner,0.241,0.288,0.424,0.712,,,241,30,10,31,2,,0.288,0.05,0.257,0.183
Christian Arroyo,0.241,0.268,0.369,0.637,,,206,23,3,24,1,,0.295,0.034,0.218,0.128
Ceddanne Rafaela,0.241,0.281,0.386,0.667,,,89,11,2,5,3,,0.333,0.045,0.315,0.145
Miles Mastrobuoni,0.241,0.308,0.301,0.609,,,149,24,1,5,13,,0.31,0.087,0.215,0.06
Adam Frazier,0.24,0.3,0.396,0.696,,,455,59,13,60,11,,0.258,0.07,0.149,0.156
Carlos Santana,0.24,0.318,0.429,0.747,,,619,78,23,86,6,,0.255,0.105,0.168,0.189
Kyle Isbel,0.24,0.282,0.38,0.662,,,313,45,5,34,7,,0.283,0.054,0.188,0.14
Matt Chapman,0.24,0.33,0.424,0.754,,,581,66,17,54,4,,0.319,0.107,0.284,0.184
Ryan McMahon,0.24,0.322,0.431,0.753,,,627,80,23,70,5,,0.326,0.108,0.316,0.191
Michael Conforto,0.239,0.334,0.384,0.718,,,470,58,15,58,4,,0.284,0.113,0.226,0.145
Joshua Palacios,0.239,0.279,0.413,0.692,,,264,26,10,40,5,,0.269,0.045,0.212,0.174
Willie Calhoun,0.239,0.309,0.403,0.712,,,149,16,5,16,0,,0.245,0.094,0.134,0.164
Cade Marlowe,0.239,0.33,0.42,0.75,,,100,14,3,11,4,,0.346,0.12,0.33,0.181
Austin Meadows,0.238,0.238,0.286,0.524,,,21,0,0,2,0,,0.278,0.0,0.143,0.048
Cristian Pache,0.238,0.319,0.417,0.736,,,95,12,2,11,2,,0.327,0.105,0.284,0.179
Myles Straw,0.238,0.301,0.297,0.598,,,518,52,1,29,20,,0.295,0.081,0.187,0.059
Cody Thomas,0.238,0.304,0.381,0.685,,,46,1,1,2,0,,0.375,0.087,0.37,0.143
Robbie Grossman,0.238,0.34,0.394,0.734,,,420,56,10,49,1,,0.292,0.136,0.233,0.156
David Fry,0.238,0.319,0.416,0.735,,,113,12,4,15,2,,0.299,0.071,0.265,0.178
Bo Naylor,0.237,0.339,0.47,0.809,,,230,33,11,32,5,,0.267,0.13,0.23,0.233
Liover Peguero,0.237,0.28,0.374,0.654,,,213,21,7,26,6,,0.32,0.052,0.315,0.137
José Abreu,0.237,0.296,0.383,0.679,,,594,62,18,90,0,,0.276,0.071,0.219,0.146
Tyler Heineman,0.237,0.383,0.316,0.699,,,47,5,0,3,1,,0.3,0.17,0.17,0.079
Jake Marisnick,0.237,0.28,0.408,0.688,,,83,10,2,10,2,,0.296,0.036,0.253,0.171
Chris Taylor,0.237,0.326,0.42,0.746,,,384,51,15,56,16,,0.327,0.107,0.326,0.183
Enrique Hernández,0.237,0.289,0.357,0.646,,,508,57,11,61,4,,0.273,0.067,0.191,0.12
Anthony Rendon,0.236,0.361,0.318,0.679,,,183,23,2,22,2,,0.268,0.137,0.148,0.082
Raimel Tapia,0.236,0.317,0.338,0.655,,,169,28,3,13,10,,0.302,0.101,0.237,0.102
Nolan Gorman,0.236,0.328,0.478,0.806,,,464,59,27,76,7,,0.296,0.114,0.319,0.242
Miguel Rojas,0.236,0.29,0.322,0.612,,,423,49,5,31,8,,0.255,0.061,0.113,0.086
Logan O'Hoppe,0.236,0.296,0.5,0.796,,,199,23,14,29,0,,0.24,0.07,0.241,0.264
Sam Hilliard,0.236,0.295,0.431,0.726,,,78,15,3,6,4,,0.389,0.077,0.423,0.195
Nick Senzel,0.236,0.297,0.399,0.696,,,330,49,13,42,6,,0.269,0.079,0.224,0.163
Kyle Higashioka,0.236,0.274,0.413,0.687,,,260,24,10,34,0,,0.292,0.054,0.285,0.177
Blake Sabol,0.235,0.301,0.394,0.695,,,344,36,13,44,4,,0.33,0.07,0.34,0.159
Cavan Biggio,0.235,0.34,0.37,0.71,,,338,54,9,40,5,,0.304,0.118,0.26,0.135
Junior Caminero,0.235,0.278,0.353,0.631,,,36,4,1,7,0,,0.28,0.056,0.222,0.118
José Fermín,0.235,0.339,0.255,0.594,,,61,2,0,4,0,,0.279,0.098,0.131,0.02
Luke Maile,0.235,0.308,0.391,0.699,,,199,17,6,25,2,,0.29,0.07,0.246,0.156
Joc Pederson,0.235,0.348,0.416,0.764,,,425,59,15,51,0,,0.268,0.134,0.209,0.181
Nelson Velázquez,0.235,0.302,0.586,0.888,,,179,35,17,34,0,,0.221,0.078,0.285,0.351
Elly De La Cruz,0.235,0.3,0.41,0.71,,,427,67,13,44,35,,0.336,0.082,0.337,0.175
MJ Melendez,0.235,0.316,0.398,0.714,,,602,65,16,56,6,,0.311,0.103,0.282,0.163
Connor Wong,0.235,0.288,0.385,0.673,,,403,55,9,36,8,,0.341,0.055,0.333,0.15
Yasmani Grandal,0.234,0.309,0.339,0.648,,,405,33,8,33,0,,0.284,0.089,0.212,0.105
Eric Hosmer,0.234,0.28,0.33,0.61,,,100,7,2,14,0,,0.299,0.06,0.25,0.096
Trey Mancini,0.234,0.299,0.336,0.635,,,263,31,4,28,0,,0.327,0.08,0.297,0.102
Tyrone Taylor,0.234,0.267,0.446,0.713,,,243,36,10,35,9,,0.263,0.033,0.226,0.212
Kris Bryant,0.233,0.313,0.367,0.68,,,335,36,10,31,0,,0.27,0.087,0.203,0.134
Heston Kjerstad,0.233,0.281,0.467,0.748,,,33,3,2,3,0,,0.278,0.061,0.303,0.234
Mike Yastrzemski,0.233,0.33,0.445,0.775,,,381,54,15,43,2,,0.286,0.118,0.26,0.212
Patrick Bailey,0.233,0.285,0.359,0.644,,,353,29,7,48,1,,0.314,0.059,0.283,0.126
Hunter Renfroe,0.233,0.297,0.416,0.713,,,548,60,20,60,0,,0.27,0.08,0.228,0.183
Daniel Vogelbach,0.233,0.339,0.404,0.743,,,319,33,13,48,0,,0.282,0.132,0.254,0.171
Tucupita Marcano,0.233,0.276,0.356,0.632,,,220,16,3,18,5,,0.265,0.045,0.159,0.123
Cedric Mullins,0.233,0.305,0.416,0.721,,,455,51,15,74,19,,0.271,0.095,0.222,0.183
Spencer Torkelson,0.233,0.313,0.446,0.759,,,684,88,31,94,3,,0.269,0.098,0.25,0.213
Eugenio Suárez,0.232,0.323,0.391,0.714,,,694,68,22,96,2,,0.314,0.101,0.308,0.159
Tim Locastro,0.232,0.338,0.393,0.731,,,67,13,2,3,6,,0.344,0.045,0.328,0.161
Wade Meckler,0.232,0.328,0.25,0.578,,,64,6,0,4,0,,0.419,0.094,0.391,0.018
Nick Pratto,0.232,0.307,0.353,0.66,,,345,33,7,35,1,,0.388,0.084,0.4,0.121
Parker Meadows,0.232,0.331,0.368,0.699,,,145,19,3,13,8,,0.302,0.117,0.255,0.136
Harrison Bader,0.232,0.274,0.348,0.622,,,344,44,7,40,20,,0.261,0.049,0.172,0.116
Cal Raleigh,0.232,0.306,0.456,0.762,,,569,78,30,75,0,,0.273,0.095,0.278,0.224
Alan Trejo,0.232,0.288,0.343,0.631,,,227,24,4,26,5,,0.286,0.07,0.225,0.111
Nicky Lopez,0.231,0.326,0.307,0.633,,,262,32,1,25,6,,0.276,0.099,0.153,0.076
Tyler O'Neill,0.231,0.312,0.403,0.715,,,266,27,9,21,5,,0.284,0.105,0.252,0.172
José Azocar,0.231,0.278,0.363,0.641,,,102,16,2,9,8,,0.292,0.039,0.235,0.132
Brandon Lowe,0.231,0.328,0.443,0.771,,,436,58,21,68,7,,0.275,0.115,0.273,0.212
Marco Luciano,0.231,0.333,0.308,0.641,,,45,4,0,0,1,,0.409,0.133,0.378,0.077
Zach McKinstry,0.231,0.302,0.351,0.653,,,518,60,9,35,16,,0.284,0.085,0.218,0.12
Ji Hwan Bae,0.231,0.296,0.311,0.607,,,371,54,2,32,24,,0.31,0.081,0.248,0.08
Kody Clemens,0.23,0.277,0.367,0.644,,,148,15,4,13,0,,0.295,0.054,0.27,0.137
Alek Thomas,0.23,0.273,0.374,0.647,,,402,51,9,39,9,,0.273,0.047,0.214,0.144
Jonathan Aranda,0.23,0.34,0.368,0.708,,,103,13,2,13,0,,0.327,0.126,0.301,0.138
Carlos Correa,0.23,0.312,0.399,0.711,,,580,60,18,65,0,,0.272,0.102,0.226,0.169
Matt Beaty,0.23,0.347,0.295,0.642,,,72,8,0,4,0,,0.298,0.083,0.194,0.065
Estevan Florial,0.23,0.324,0.311,0.635,,,71,5,0,8,3,,0.333,0.099,0.282,0.081
Alfonso Rivas III,0.229,0.303,0.422,0.725,,,123,8,3,15,1,,0.31,0.073,0.293,0.193
Jake Cronenworth,0.229,0.312,0.378,0.69,,,522,54,10,48,6,,0.267,0.088,0.186,0.149
Ryan Noda,0.229,0.364,0.406,0.77,,,495,63,16,54,3,,0.347,0.156,0.343,0.177
Michael Massey,0.229,0.274,0.381,0.655,,,461,42,15,55,6,,0.261,0.052,0.215,0.152
Aledmys Díaz,0.229,0.28,0.337,0.617,,,344,25,4,24,1,,0.273,0.049,0.192,0.108
Austin Wells,0.229,0.257,0.486,0.743,,,75,8,4,13,0,,0.226,0.04,0.187,0.257
Drew Waters,0.228,0.3,0.377,0.677,,,337,40,8,32,16,,0.321,0.08,0.318,0.149
Kevin Pillar,0.228,0.248,0.416,0.664,,,206,29,9,32,4,,0.255,0.029,0.243,0.188
Stuart Fairchild,0.228,0.321,0.388,0.709,,,255,34,5,28,10,,0.306,0.098,0.271,0.16
Mike Ford,0.228,0.323,0.475,0.798,,,251,32,16,34,0,,0.276,0.096,0.323,0.247
Danny Jansen,0.228,0.312,0.474,0.786,,,301,38,17,53,0,,0.233,0.076,0.206,0.246
Francisco Mejía,0.227,0.258,0.4,0.658,,,160,22,5,19,0,,0.266,0.037,0.237,0.173
Billy McKinney,0.227,0.32,0.406,0.726,,,147,19,6,14,1,,0.274,0.116,0.265,0.179
Jake Meyers,0.227,0.296,0.382,0.678,,,341,42,10,33,5,,0.283,0.076,0.258,0.155
Jake Alu,0.226,0.282,0.289,0.571,,,175,14,2,16,5,,0.291,0.057,0.24,0.063
Brian Anderson,0.226,0.31,0.368,0.678,,,361,38,9,40,1,,0.309,0.1,0.299,0.142
Carlos Pérez,0.226,0.293,0.357,0.65,,,189,17,6,20,0,,0.256,0.069,0.212,0.131
Mark Mathias,0.226,0.333,0.258,0.591,,,72,6,0,6,3,,0.298,0.139,0.208,0.032
José Tena,0.226,0.294,0.29,0.584,,,34,2,0,3,0,,0.389,0.088,0.382,0.064
Eduardo Escobar,0.226,0.269,0.344,0.613,,,309,32,6,31,2,,0.286,0.058,0.252,0.118
Christian Bethancourt,0.225,0.254,0.381,0.635,,,332,49,11,33,1,,0.278,0.039,0.274,0.156
J.P. Martínez,0.225,0.25,0.325,0.575,,,44,7,1,4,0,,0.32,0.045,0.364,0.1
Zach Neto,0.225,0.308,0.377,0.685,,,329,38,9,34,5,,0.272,0.061,0.234,0.152
Travis d'Arnaud,0.225,0.288,0.397,0.685,,,292,31,11,39,0,,0.258,0.072,0.229,0.172
Darin Ruf,0.224,0.333,0.286,0.619,,,57,3,0,3,0,,0.333,0.14,0.281,0.062
Ramón Laureano,0.224,0.304,0.371,0.675,,,404,46,9,35,12,,0.301,0.082,0.282,0.147
Luis Guillorme,0.224,0.288,0.327,0.615,,,120,12,1,9,0,,0.291,0.083,0.233,0.103
Jack Suwinski,0.224,0.339,0.454,0.793,,,534,63,26,74,13,,0.29,0.14,0.322,0.23
Christian Vázquez,0.223,0.28,0.318,0.598,,,355,34,6,32,1,,0.279,0.07,0.231,0.095
Evan Longoria,0.223,0.295,0.422,0.717,,,237,25,11,28,0,,0.277,0.097,0.308,0.199
Jacob Amaya,0.222,0.222,0.222,0.444,,,9,1,0,2,1,,0.25,0.0,0.111,0.0
Johan Camargo,0.222,0.3,0.222,0.522,,,20,0,0,2,0,,0.286,0.05,0.2,0.0
Adam Haseley,0.222,0.282,0.278,0.56,,,39,6,0,2,1,,0.286,0.077,0.205,0.056
James McCann,0.222,0.269,0.377,0.646,,,226,25,6,26,3,,0.274,0.04,0.252,0.155
Livan Soto,0.222,0.417,0.222,0.639,,,12,2,0,0,0,,0.286,0.25,0.167,0.0
Jose Siri,0.222,0.267,0.494,0.761,,,364,58,25,56,12,,0.269,0.055,0.357,0.272
Seth Brown,0.222,0.286,0.405,0.691,,,378,33,14,52,3,,0.27,0.079,0.267,0.183
Javier Báez,0.222,0.267,0.325,0.592,,,547,58,9,59,12,,0.274,0.044,0.229,0.103
Jesús Aguilar,0.221,0.281,0.385,0.666,,,115,8,5,9,0,,0.261,0.07,0.27,0.164
Nick Allen,0.221,0.263,0.287,0.55,,,329,29,4,20,5,,0.253,0.052,0.158,0.066
José Caballero,0.221,0.343,0.32,0.663,,,280,37,4,26,26,,0.285,0.1,0.236,0.099
Jordan Diaz,0.221,0.273,0.364,0.637,,,293,20,10,27,0,,0.258,0.058,0.235,0.143
Luke Voit,0.221,0.284,0.265,0.549,,,74,5,0,4,2,,0.366,0.054,0.365,0.044
Jake Rogers,0.221,0.286,0.444,0.73,,,365,47,21,49,1,,0.268,0.077,0.323,0.223
Endy Rodríguez,0.22,0.284,0.328,0.612,,,204,27,3,13,0,,0.281,0.083,0.24,0.108
Daulton Varsho,0.22,0.285,0.389,0.674,,,581,65,20,61,16,,0.256,0.077,0.232,0.169
Michael A. Taylor,0.22,0.278,0.442,0.72,,,388,48,21,51,13,,0.278,0.067,0.335,0.222
Dominic Canzone,0.22,0.258,0.399,0.657,,,182,23,6,21,1,,0.237,0.044,0.176,0.179
Hanser Alberto,0.22,0.261,0.39,0.651,,,90,11,3,16,0,,0.224,0.044,0.144,0.17
Rafael Ortega,0.219,0.341,0.272,0.613,,,136,16,1,8,6,,0.3,0.147,0.243,0.053
Jean Segura,0.219,0.277,0.279,0.556,,,326,25,3,21,6,,0.251,0.067,0.144,0.06
Dylan Carlson,0.219,0.318,0.333,0.651,,,255,27,5,27,3,,0.256,0.102,0.192,0.114
Tyler Fitzgerald,0.219,0.265,0.469,0.734,,,34,3,2,5,2,,0.25,0.059,0.294,0.25
Osleivis Basabe,0.218,0.277,0.31,0.587,,,94,15,1,12,0,,0.295,0.064,0.266,0.092
José Barrero,0.218,0.295,0.323,0.618,,,149,15,2,17,3,,0.307,0.101,0.295,0.105
Akil Baddoo,0.218,0.31,0.372,0.682,,,357,40,11,34,14,,0.268,0.118,0.249,0.154
Brice Turang,0.218,0.285,0.3,0.585,,,448,46,6,34,26,,0.268,0.085,0.21,0.082
Greg Allen,0.217,0.333,0.478,0.811,,,28,6,1,1,3,,0.333,0.071,0.357,0.261
Drew Ellis,0.217,0.379,0.478,0.857,,,29,4,2,4,0,,0.214,0.207,0.241,0.261
Willy Adames,0.217,0.31,0.407,0.717,,,638,73,24,80,5,,0.259,0.111,0.259,0.19
Jorge Mateo,0.217,0.267,0.34,0.607,,,350,58,7,34,32,,0.267,0.063,0.234,0.123
Blake Perkins,0.217,0.325,0.35,0.675,,,168,28,4,20,5,,0.29,0.137,0.274,0.133
Gary Sánchez,0.217,0.288,0.492,0.78,,,267,33,19,47,0,,0.212,0.079,0.251,0.275
Kole Calhoun,0.217,0.282,0.376,0.658,,,174,18,6,25,0,,0.241,0.075,0.213,0.159
Pete Alonso,0.217,0.318,0.504,0.822,,,658,92,46,118,4,,0.205,0.099,0.229,0.287
Oscar Colás,0.216,0.257,0.314,0.571,,,263,32,5,19,4,,0.281,0.046,0.27,0.098
Jake Lamb,0.216,0.259,0.353,0.612,,,54,7,2,5,0,,0.265,0.056,0.278,0.137
Rowdy Tellez,0.215,0.291,0.376,0.667,,,351,26,13,47,0,,0.249,0.1,0.245,0.161
Brad Miller,0.214,0.328,0.339,0.667,,,67,8,1,6,0,,0.244,0.149,0.164,0.125
Oscar Gonzalez,0.214,0.239,0.312,0.551,,,180,15,2,12,0,,0.278,0.028,0.256,0.098
Miguel Amaya,0.214,0.329,0.359,0.688,,,156,17,5,18,0,,0.264,0.077,0.256,0.145
Matt Thaiss,0.214,0.319,0.34,0.659,,,307,32,9,31,2,,0.272,0.117,0.27,0.126
Henry Davis,0.213,0.302,0.351,0.653,,,255,27,7,24,3,,0.273,0.098,0.271,0.138
Jonathan Schoop,0.213,0.278,0.272,0.55,,,151,15,0,7,0,,0.287,0.086,0.245,0.059
Trevor Larnach,0.213,0.311,0.415,0.726,,,212,26,8,40,1,,0.295,0.127,0.34,0.202
Brett Baty,0.212,0.275,0.323,0.598,,,389,41,9,34,2,,0.28,0.075,0.28,0.111
Nick Ahmed,0.212,0.257,0.303,0.56,,,210,14,2,17,5,,0.278,0.057,0.248,0.091
Joey Ortiz,0.212,0.206,0.242,0.448,,,34,4,0,4,0,,0.28,0.0,0.265,0.03
Joey Wendle,0.212,0.248,0.306,0.554,,,318,33,2,20,7,,0.264,0.041,0.211,0.094
Jake Cave,0.212,0.272,0.348,0.62,,,203,18,5,21,3,,0.27,0.074,0.271,0.136
Max Muncy,0.212,0.333,0.475,0.808,,,579,95,36,105,1,,0.221,0.147,0.264,0.263
Rodolfo Castro,0.211,0.297,0.322,0.619,,,256,21,6,24,1,,0.284,0.09,0.289,0.111
Oswaldo Cabrera,0.211,0.275,0.299,0.574,,,330,35,5,29,8,,0.26,0.076,0.218,0.088
Lawrence Butler,0.211,0.24,0.341,0.581,,,129,10,4,10,0,,0.259,0.031,0.271,0.13
Jose Miranda,0.211,0.263,0.303,0.566,,,152,12,3,13,0,,0.235,0.059,0.158,0.092
Jace Peterson,0.211,0.304,0.307,0.611,,,430,35,6,37,15,,0.27,0.109,0.235,0.096
Mark Vientos,0.211,0.253,0.367,0.62,,,233,19,9,22,1,,0.264,0.043,0.305,0.156
Omar Narváez,0.211,0.283,0.297,0.58,,,146,12,2,7,0,,0.245,0.096,0.185,0.086
Jose Trevino,0.21,0.257,0.312,0.569,,,168,15,4,15,0,,0.221,0.048,0.131,0.102
Brett Sullivan,0.21,0.244,0.284,0.528,,,86,7,1,6,0,,0.258,0.047,0.221,0.074
Gabriel Arias,0.21,0.275,0.352,0.627,,,345,36,10,26,3,,0.29,0.081,0.328,0.142
Francisco Alvarez,0.209,0.284,0.437,0.721,,,423,51,25,63,2,,0.222,0.08,0.26,0.228
Luken Baker,0.209,0.313,0.314,0.627,,,99,9,2,10,0,,0.302,0.131,0.313,0.105
Tony Kemp,0.209,0.303,0.304,0.607,,,419,42,5,27,15,,0.221,0.105,0.095,0.095
Anthony Volpe,0.209,0.283,0.383,0.666,,,601,62,21,60,24,,0.259,0.087,0.278,0.174
Nick Gonzales,0.209,0.268,0.348,0.616,,,128,12,2,13,0,,0.278,0.047,0.281,0.139
Mitch Haniger,0.209,0.266,0.365,0.631,,,229,27,6,28,1,,0.27,0.066,0.284,0.156
Jose Herrera,0.208,0.296,0.257,0.553,,,120,15,0,7,1,,0.292,0.108,0.25,0.049
Jordan Luplow,0.208,0.322,0.325,0.647,,,90,11,2,5,2,,0.292,0.133,0.3,0.117
Austin Wynns,0.208,0.268,0.277,0.545,,,145,11,1,10,1,,0.286,0.062,0.269,0.069
Trey Cabbage,0.208,0.232,0.321,0.553,,,56,5,1,7,1,,0.37,0.036,0.464,0.113
Byron Buxton,0.207,0.294,0.438,0.732,,,347,49,17,42,9,,0.253,0.101,0.314,0.231
Paul DeJong,0.207,0.258,0.355,0.613,,,400,41,14,38,4,,0.264,0.052,0.302,0.148
Jo Adell,0.207,0.258,0.448,0.706,,,62,7,3,6,1,,0.3,0.065,0.403,0.241
Joey Bart,0.207,0.263,0.264,0.527,,,95,9,0,5,0,,0.277,0.032,0.242,0.057
Carter Kieboom,0.207,0.266,0.368,0.634,,,94,12,4,11,0,,0.25,0.064,0.287,0.161
Dylan Moore,0.207,0.303,0.428,0.731,,,165,18,7,19,7,,0.28,0.097,0.339,0.221
Carson Kelly,0.206,0.278,0.287,0.565,,,151,13,2,13,1,,0.274,0.093,0.265,0.081
Casey Schmitt,0.206,0.255,0.324,0.579,,,277,28,5,30,2,,0.253,0.047,0.235,0.118
Mike Brosseau,0.205,0.256,0.397,0.653,,,78,4,4,8,0,,0.224,0.051,0.256,0.192
Shea Langeliers,0.205,0.268,0.413,0.681,,,490,52,22,63,3,,0.246,0.069,0.292,0.208
Patrick Wisdom,0.205,0.289,0.5,0.789,,,302,43,23,46,4,,0.237,0.099,0.368,0.295
Joey Wiemer,0.204,0.283,0.362,0.645,,,410,48,13,42,11,,0.258,0.088,0.283,0.158
Bobby Dalbec,0.204,0.264,0.306,0.57,,,53,6,1,1,1,,0.45,0.075,0.528,0.102
Nick Fortes,0.204,0.263,0.299,0.562,,,323,33,6,26,4,,0.234,0.053,0.183,0.095
Carlos Pérez,0.204,0.264,0.347,0.611,,,53,5,1,3,0,,0.243,0.075,0.208,0.143
Josh Harrison,0.204,0.263,0.291,0.554,,,114,8,2,10,0,,0.229,0.026,0.175,0.087
Zack Short,0.204,0.292,0.339,0.631,,,253,17,7,33,5,,0.255,0.111,0.261,0.135
Garrett Stubbs,0.204,0.274,0.283,0.557,,,125,15,1,12,2,,0.265,0.072,0.232,0.079
Brenton Doyle,0.203,0.25,0.343,0.593,,,431,48,10,48,22,,0.295,0.051,0.35,0.14
Rougned Odor,0.203,0.299,0.355,0.654,,,157,21,4,18,2,,0.247,0.108,0.236,0.152
Gavin Sheets,0.203,0.267,0.331,0.598,,,344,24,10,43,1,,0.222,0.081,0.192,0.128
Brandon Dixon,0.203,0.244,0.329,0.573,,,86,10,2,9,1,,0.292,0.012,0.36,0.126
Trevor Story,0.203,0.25,0.316,0.566,,,168,12,3,14,10,,0.29,0.054,0.327,0.113
Jake Bauers,0.202,0.279,0.413,0.692,,,272,28,12,30,3,,0.268,0.099,0.349,0.211
Joey Votto,0.202,0.314,0.433,0.747,,,242,26,14,38,0,,0.212,0.112,0.256,0.231
Tucker Barnhart,0.202,0.285,0.257,0.542,,,123,6,1,9,1,,0.313,0.098,0.341,0.055
Taylor Walls,0.201,0.305,0.333,0.638,,,349,50,8,36,22,,0.261,0.126,0.264,0.132
Lenyn Sosa,0.201,0.224,0.348,0.572,,,173,12,6,14,0,,0.227,0.029,0.231,0.147
Eric Haase,0.201,0.247,0.281,0.528,,,293,22,4,26,4,,0.268,0.058,0.276,0.08
Alex Call,0.2,0.307,0.307,0.614,,,439,43,8,38,9,,0.23,0.121,0.178,0.107
Ben Gamel,0.2,0.2,0.267,0.467,,,15,2,0,2,0,,0.231,0.0,0.133,0.067
Hunter Goodman,0.2,0.247,0.386,0.633,,,77,6,1,17,1,,0.277,0.065,0.312,0.186
Jahmai Jones,0.2,0.273,0.3,0.573,,,11,2,0,3,1,,0.4,0.091,0.455,0.1
Grae Kessinger,0.2,0.289,0.325,0.614,,,45,3,1,1,0,,0.259,0.111,0.267,0.125
Tyler Nevin,0.2,0.306,0.316,0.622,,,111,11,2,10,0,,0.246,0.108,0.225,0.116
Matt Reynolds,0.2,0.2,0.2,0.4,,,5,1,0,0,0,,0.5,0.0,0.6,0.0
Samad Taylor,0.2,0.279,0.267,0.546,,,69,11,0,4,8,,0.308,0.101,0.319,0.067
Jesse Winker,0.199,0.32,0.247,0.567,,,197,16,1,23,0,,0.278,0.132,0.259,0.048
Trent Grisham,0.198,0.315,0.352,0.667,,,555,67,13,50,15,,0.264,0.135,0.277,0.154
Alika Williams,0.198,0.27,0.248,0.518,,,112,7,0,6,0,,0.303,0.08,0.312,0.05
Chad Wallach,0.197,0.259,0.376,0.635,,,172,18,7,15,0,,0.258,0.076,0.331,0.179
Clint Frazier,0.197,0.303,0.242,0.545,,,76,10,0,3,4,,0.302,0.132,0.303,0.045
Kyle Schwarber,0.197,0.343,0.474,0.817,,,720,108,47,104,0,,0.209,0.175,0.299,0.277
JJ Bleday,0.195,0.31,0.355,0.665,,,303,35,10,27,5,,0.226,0.139,0.238,0.16
Miguel Vargas,0.195,0.305,0.367,0.672,,,304,36,7,32,3,,0.224,0.125,0.201,0.172
Luis Urías,0.194,0.337,0.299,0.636,,,177,18,3,18,0,,0.25,0.119,0.232,0.105
Brandon Crawford,0.194,0.273,0.314,0.587,,,320,31,7,38,3,,0.241,0.087,0.253,0.12
Romy Gonzalez,0.194,0.208,0.376,0.584,,,97,11,3,14,7,,0.273,0.021,0.371,0.182
Logan Porter,0.194,0.324,0.323,0.647,,,38,4,1,3,0,,0.263,0.132,0.289,0.129
Nathan Lukes,0.192,0.29,0.308,0.598,,,31,4,0,2,0,,0.278,0.129,0.29,0.116
Giancarlo Stanton,0.191,0.275,0.42,0.695,,,415,43,24,60,0,,0.21,0.099,0.299,0.229
Jacob Stallings,0.191,0.278,0.286,0.564,,,276,22,3,20,0,,0.249,0.098,0.243,0.095
Oswald Peraza,0.191,0.267,0.272,0.539,,,191,15,2,14,4,,0.256,0.068,0.262,0.081
Martín Maldonado,0.191,0.258,0.348,0.606,,,407,33,15,36,0,,0.26,0.074,0.342,0.157
Tommy La Stella,0.19,0.292,0.238,0.53,,,24,2,0,2,0,,0.25,0.125,0.208,0.048
Andrew Stevenson,0.189,0.25,0.216,0.466,,,40,4,0,1,4,,0.241,0.05,0.2,0.027
Wil Myers,0.189,0.257,0.283,0.54,,,141,11,3,12,2,,0.273,0.085,0.34,0.094
Pavin Smith,0.188,0.317,0.325,0.642,,,228,26,7,30,1,,0.209,0.154,0.197,0.137
Franchy Cordero,0.188,0.211,0.478,0.689,,,71,9,6,13,0,,0.184,0.028,0.352,0.29
Franmil Reyes,0.186,0.231,0.288,0.519,,,65,5,2,7,0,,0.257,0.062,0.369,0.102
Jared Young,0.186,0.255,0.465,0.72,,,47,8,2,8,2,,0.214,0.064,0.277,0.279
Avisaíl García,0.185,0.241,0.315,0.556,,,118,8,3,12,2,,0.258,0.051,0.331,0.13
Kevin Smith,0.185,0.22,0.326,0.546,,,146,15,5,11,1,,0.253,0.034,0.349,0.141
Danny Mendick,0.185,0.232,0.277,0.509,,,69,4,1,4,1,,0.224,0.058,0.217,0.092
Josh Smith,0.185,0.304,0.328,0.632,,,232,29,6,15,1,,0.222,0.108,0.237,0.143
Coco Montes,0.184,0.244,0.316,0.56,,,41,3,1,3,0,,0.24,0.049,0.293,0.132
Austin Hedges,0.184,0.234,0.227,0.461,,,212,14,1,16,1,,0.236,0.052,0.222,0.043
Juan Yepez,0.183,0.246,0.3,0.546,,,65,5,2,2,0,,0.237,0.062,0.308,0.117
Kolten Wong,0.183,0.256,0.263,0.519,,,250,25,4,27,3,,0.218,0.072,0.212,0.08
Hunter Dozier,0.183,0.253,0.305,0.558,,,91,8,2,9,2,,0.25,0.088,0.319,0.122
Anthony Bemboom,0.182,0.308,0.182,0.49,,,13,0,0,0,0,,0.222,0.154,0.154,0.0
Peyton Burdick,0.182,0.27,0.333,0.603,,,37,4,1,2,1,,0.357,0.081,0.486,0.151
Josh Lester,0.182,0.217,0.182,0.399,,,23,0,0,4,0,,0.267,0.043,0.304,0.0
Austin Barnes,0.18,0.256,0.242,0.498,,,200,15,2,11,2,,0.222,0.085,0.215,0.062
Kyle Garlick,0.179,0.233,0.429,0.662,,,30,2,2,4,0,,0.2,0.067,0.367,0.25
Heliot Ramos,0.179,0.233,0.304,0.537,,,60,5,1,2,0,,0.257,0.067,0.333,0.125
Mike Zunino,0.177,0.271,0.306,0.577,,,140,11,3,11,0,,0.317,0.107,0.436,0.129
Joey Gallo,0.177,0.301,0.44,0.741,,,332,39,21,40,1,,0.244,0.145,0.428,0.263
Nick Gordon,0.176,0.185,0.319,0.504,,,93,13,2,7,0,,0.179,0.011,0.118,0.143
Matt Carpenter,0.176,0.322,0.319,0.641,,,237,18,5,31,1,,0.231,0.173,0.283,0.143
Curt Casali,0.175,0.29,0.2,0.49,,,96,8,0,6,0,,0.246,0.115,0.24,0.025
Brett Wisely,0.175,0.231,0.267,0.498,,,131,10,2,8,2,,0.241,0.069,0.305,0.092
Brett Phillips,0.175,0.268,0.333,0.601,,,71,9,3,6,3,,0.333,0.113,0.507,0.158
Andrew Velazquez,0.173,0.264,0.284,0.548,,,94,12,2,3,13,,0.245,0.106,0.319,0.111
Nick Maton,0.173,0.288,0.305,0.593,,,293,29,8,32,1,,0.206,0.13,0.249,0.132
Masyn Winn,0.172,0.23,0.238,0.468,,,137,8,2,12,2,,0.196,0.073,0.19,0.066
Blake Rutherford,0.171,0.194,0.171,0.365,,,36,4,0,2,0,,0.24,0.028,0.278,0.0
Seby Zavala,0.171,0.23,0.314,0.544,,,193,17,7,18,1,,0.23,0.062,0.363,0.143
Vidal Bruján,0.171,0.241,0.197,0.438,,,84,14,0,6,3,,0.236,0.06,0.25,0.026
Taylor Motter,0.171,0.232,0.211,0.443,,,82,3,0,2,0,,0.289,0.061,0.378,0.04
TJ Hopkins,0.171,0.227,0.171,0.398,,,44,7,0,1,1,,0.292,0.045,0.386,0.0
Jonah Bride,0.17,0.286,0.205,0.491,,,106,9,0,7,0,,0.221,0.104,0.208,0.035
Derek Hill,0.17,0.22,0.191,0.411,,,50,3,0,1,1,,0.222,0.06,0.22,0.021
Bubba Thompson,0.17,0.237,0.283,0.52,,,60,10,0,4,4,,0.237,0.067,0.267,0.113
Michael Busch,0.167,0.247,0.292,0.539,,,81,9,2,7,1,,0.227,0.099,0.333,0.125
Vinny Capra,0.167,0.25,0.222,0.472,,,21,3,0,1,0,,0.231,0.095,0.238,0.055
Tyler Cropley,0.167,0.143,0.167,0.31,,,7,0,0,1,0,,0.2,0.0,0.286,0.0
Cam Eden,0.167,0.167,0.167,0.334,,,6,1,0,0,0,,0.25,0.0,0.333,0.0
Dalton Guthrie,0.167,0.286,0.208,0.494,,,28,4,0,0,0,,0.235,0.107,0.25,0.041
Darick Hall,0.167,0.196,0.241,0.437,,,56,2,1,3,0,,0.229,0.036,0.321,0.074
Buddy Kennedy,0.167,0.31,0.208,0.518,,,29,1,0,1,0,,0.222,0.138,0.207,0.041
Matt Mervis,0.167,0.242,0.289,0.531,,,99,8,3,11,0,,0.218,0.081,0.323,0.122
AJ Pollock,0.165,0.215,0.308,0.523,,,144,15,5,15,0,,0.173,0.062,0.222,0.143
Jon Singleton,0.165,0.267,0.264,0.531,,,105,11,2,12,0,,0.194,0.124,0.219,0.099
Ji Man Choi,0.163,0.239,0.385,0.624,,,117,12,6,13,0,,0.169,0.085,0.299,0.222
Trayce Thompson,0.163,0.285,0.294,0.579,,,179,17,6,17,2,,0.271,0.134,0.43,0.131
Michael Toglia,0.163,0.224,0.284,0.508,,,152,18,4,9,1,,0.218,0.066,0.329,0.121
Bryce Johnson,0.163,0.229,0.256,0.485,,,48,7,1,3,3,,0.214,0.083,0.312,0.093
Yu Chang,0.162,0.2,0.352,0.552,,,112,12,6,18,4,,0.169,0.027,0.304,0.19
Travis Blankenhorn,0.161,0.297,0.258,0.555,,,37,2,1,1,0,,0.167,0.162,0.162,0.097
Jason Vosler,0.161,0.2,0.371,0.571,,,65,6,3,10,0,,0.206,0.046,0.385,0.21
Chris Owings,0.16,0.16,0.16,0.32,,,25,0,0,0,0,,0.308,0.0,0.48,0.0
Tyler Soderstrom,0.16,0.232,0.24,0.472,,,138,9,3,7,0,,0.213,0.08,0.312,0.08
Kyle Lewis,0.157,0.204,0.255,0.459,,,54,2,1,2,0,,0.241,0.056,0.389,0.098
Taylor Kohlwey,0.154,0.154,0.154,0.308,,,13,0,0,0,0,,0.25,0.0,0.385,0.0
Bligh Madris,0.154,0.267,0.192,0.459,,,30,4,0,0,0,,0.211,0.133,0.233,0.038
Josh Donaldson,0.152,0.249,0.418,0.667,,,189,18,13,26,0,,0.115,0.116,0.265,0.266
Everson Pereira,0.151,0.233,0.194,0.427,,,103,6,0,10,4,,0.264,0.078,0.388,0.043
Sandy León,0.146,0.186,0.195,0.381,,,44,4,0,4,0,,0.286,0.023,0.455,0.049
Austin Nola,0.146,0.26,0.192,0.452,,,154,9,1,8,0,,0.184,0.117,0.201,0.046
Jorge Alfaro,0.146,0.212,0.292,0.504,,,52,2,1,4,0,,0.188,0.038,0.288,0.146
David Villar,0.145,0.236,0.315,0.551,,,140,15,5,12,1,,0.173,0.079,0.321,0.17
Jonathan Ornelas,0.143,0.25,0.143,0.393,,,8,2,0,0,0,,0.333,0.0,0.5,0.0
Yonny Hernández,0.136,0.231,0.182,0.413,,,27,5,0,4,0,,0.2,0.074,0.296,0.046
Jonathan Araúz,0.136,0.203,0.288,0.491,,,66,3,3,9,0,,0.132,0.076,0.273,0.152
Jackie Bradley Jr.,0.133,0.188,0.21,0.398,,,113,10,1,6,0,,0.173,0.044,0.257,0.077
Roberto Pérez,0.133,0.235,0.133,0.368,,,17,0,0,1,0,,0.222,0.118,0.353,0.0
Brian Serven,0.13,0.13,0.174,0.304,,,23,0,0,1,0,,0.231,0.0,0.435,0.044
Taylor Trammell,0.13,0.286,0.326,0.612,,,56,7,3,11,0,,0.143,0.161,0.393,0.196
Jordan Lawlar,0.129,0.206,0.129,0.335,,,34,2,0,0,1,,0.2,0.059,0.324,0.0
Jordyn Adams,0.128,0.125,0.128,0.253,,,40,1,0,1,1,,0.208,0.0,0.4,0.0
Cam Gallagher,0.126,0.154,0.168,0.322,,,149,6,0,7,0,,0.184,0.027,0.309,0.042
Tomás Nido,0.125,0.153,0.125,0.278,,,61,5,0,1,0,,0.179,0.033,0.295,0.0
Kevin Padlo,0.125,0.125,0.25,0.375,,,8,1,0,0,0,,0.125,0.0,0.0,0.125
Canaan Smith-Njigba,0.125,0.216,0.219,0.435,,,37,3,0,5,1,,0.235,0.108,0.432,0.094
Chadwick Tromp,0.125,0.125,0.188,0.313,,,16,1,0,1,0,,0.222,0.0,0.438,0.063
Jared Walsh,0.125,0.216,0.279,0.495,,,116,10,4,11,0,,0.164,0.095,0.388,0.154
David Hamilton,0.121,0.256,0.182,0.438,,,39,2,0,0,2,,0.174,0.154,0.256,0.061
David Hensley,0.119,0.213,0.167,0.38,,,94,12,1,3,1,,0.188,0.106,0.372,0.048
Ben Rortvedt,0.118,0.241,0.221,0.462,,,79,6,2,4,0,,0.128,0.139,0.241,0.103
Colton Cowser,0.115,0.286,0.148,0.434,,,77,15,0,4,1,,0.175,0.169,0.286,0.033
David Dahl,0.111,0.111,0.444,0.555,,,9,1,1,1,0,,0.0,0.0,0.222,0.333
Ryan Kreidler,0.111,0.111,0.111,0.222,,,18,2,0,0,0,,0.182,0.0,0.389,0.0
César Salazar,0.111,0.158,0.111,0.269,,,19,1,0,0,0,,0.167,0.053,0.316,0.0
Brian O'Keefe,0.105,0.19,0.211,0.401,,,21,0,0,2,0,,0.167,0.095,0.333,0.106
Kyren Paris,0.1,0.2,0.1,0.3,,,46,4,0,1,3,,0.174,0.087,0.37,0.0
Juniel Querecuto,0.1,0.143,0.15,0.293,,,21,2,0,0,0,,0.143,0.048,0.286,0.05
Cooper Hummel,0.087,0.192,0.13,0.322,,,26,2,0,0,1,,0.143,0.077,0.346,0.043
Korey Lee,0.077,0.143,0.138,0.281,,,70,4,1,3,0,,0.091,0.071,0.286,0.061
Nate Eaton,0.075,0.125,0.075,0.2,,,56,2,0,1,3,,0.125,0.036,0.375,0.0
Edwin Rios,0.071,0.235,0.214,0.449,,,34,3,1,2,0,,0.091,0.147,0.471,0.143
Eli White,0.071,0.235,0.071,0.306,,,17,1,0,0,0,,0.143,0.118,0.412,0.0
Abraham Almonte,0.067,0.125,0.133,0.258,,,16,1,0,0,0,,0.143,0.062,0.5,0.066
Kyle Stowers,0.067,0.152,0.067,0.219,,,33,1,0,0,0,,0.111,0.091,0.364,0.0
Luke Williams,0.053,0.053,0.053,0.106,,,19,1,0,0,4,,0.083,0.0,0.368,0.0
Isan Díaz,0.042,0.115,0.042,0.157,,,26,0,0,1,0,,0.067,0.077,0.346,0.0
Ty Adcock,0.0,0.0,0.0,0.0,,,0,0,0,0,0,,0.0,0.0,0.0,0.0
Ehire Adrianza,0.0,0.091,0.0,0.091,,,11,0,0,0,0,,0.0,0.091,0.364,0.0
Scott Alexander,0.0,0.0,0.0,0.0,,,0,0,0,0,0,,0.0,0.0,0.0,0.0
Bryan Baker,0.0,0.0,0.0,0.0,,,0,0,0,0,0,,0.0,0.0,0.0,0.0
Rylan Bannon,0.0,0.0,0.0,0.0,,,6,0,0,0,0,,0.0,0.0,0.5,0.0
Scott Barlow,0.0,0.0,0.0,0.0,,,0,0,0,0,0,,0.0,0.0,0.0,0.0
Tres Barrera,0.0,0.0,0.0,0.0,,,2,0,0,0,0,,0.0,0.0,0.0,0.0
Mike Baumann,0.0,0.0,0.0,0.0,,,0,0,0,0,0,,0.0,0.0,0.0,0.0
José Berríos,0.0,0.0,0.0,0.0,,,0,0,0,0,0,,0.0,0.0,0.0,0.0
Matt Brash,0.0,0.0,0.0,0.0,,,0,0,0,0,0,,0.0,0.0,0.0,0.0
Ryan Brasier,0.0,0.0,0.0,0.0,,,0,0,0,0,0,,0.0,0.0,0.0,0.0
J.B. Bukauskas,0.0,0.0,0.0,0.0,,,0,0,0,0,0,,0.0,0.0,0.0,0.0
Aaron Bummer,0.0,0.0,0.0,0.0,,,0,0,0,0,0,,0.0,0.0,0.0,0.0
Génesis Cabrera,0.0,0.0,0.0,0.0,,,0,0,0,0,0,,0.0,0.0,0.0,0.0
Yennier Cano,0.0,0.0,0.0,0.0,,,0,0,0,0,0,,0.0,0.0,0.0,0.0
Diego Castillo,0.0,0.0,0.0,0.0,,,1,0,0,0,0,,0.0,0.0,0.0,0.0
Miguel Castro,0.0,0.0,0.0,0.0,,,0,0,0,0,0,,0.0,0.0,0.0,0.0
Andrew Chafin,0.0,0.0,0.0,0.0,,,0,0,0,0,0,,0.0,0.0,0.0,0.0
Aroldis Chapman,0.0,0.0,0.0,0.0,,,0,0,0,0,0,,0.0,0.0,0.0,0.0
Taylor Clarke,0.0,0.0,0.0,0.0,,,0,0,0,0,0,,0.0,0.0,0.0,0.0
Dylan Coleman,0.0,0.0,0.0,0.0,,,0,0,0,0,0,,0.0,0.0,0.0,0.0
Danny Coulombe,0.0,0.0,0.0,0.0,,,0,0,0,0,0,,0.0,0.0,0.0,0.0
Austin Cox,0.0,0.0,0.0,0.0,,,0,0,0,0,0,,0.0,0.0,0.0,0.0
Kutter Crawford,0.0,0.0,0.0,0.0,,,0,1,0,0,0,,0.0,0.0,0.0,0.0
Pete Crow-Armstrong,0.0,0.176,0.0,0.176,,,19,3,0,1,2,,0.0,0.158,0.368,0.0
José De León,0.0,0.0,0.0,0.0,,,0,0,0,0,0,,0.0,0.0,0.0,0.0
Camilo Doval,0.0,0.0,0.0,0.0,,,0,0,0,0,0,,0.0,0.0,0.0,0.0
Daniel Duarte,0.0,0.0,0.0,0.0,,,0,0,0,0,0,,0.0,0.0,0.0,0.0
Alexis Díaz,0.0,0.0,0.0,0.0,,,0,0,0,0,0,,0.0,0.0,0.0,0.0
Adam Engel,0.0,0.0,0.0,0.0,,,6,0,0,0,0,,0.0,0.0,0.333,0.0
Buck Farmer,0.0,0.0,0.0,0.0,,,0,0,0,0,0,,0.0,0.0,0.0,0.0
Caleb Ferguson,0.0,0.0,0.0,0.0,,,0,0,0,0,0,,0.0,0.0,0.0,0.0
Luis Frías,0.0,0.0,0.0,0.0,,,0,0,0,0,0,,0.0,0.0,0.0,0.0
Shintaro Fujinami,0.0,0.0,0.0,0.0,,,0,0,0,0,0,,0.0,0.0,0.0,0.0
Michael Fulmer,0.0,0.0,0.0,0.0,,,1,0,0,0,0,,0.0,0.0,1.0,0.0
Ian Gibaut,0.0,0.0,0.0,0.0,,,0,0,0,0,0,,0.0,0.0,0.0,0.0
Kyle Gibson,0.0,0.0,0.0,0.0,,,0,0,0,0,0,,0.0,0.0,0.0,0.0
Logan Gillaspie,0.0,0.0,0.0,0.0,,,0,0,0,0,0,,0.0,0.0,0.0,0.0
Kevin Ginkel,0.0,0.0,0.0,0.0,,,0,0,0,0,0,,0.0,0.0,0.0,0.0
Victor González,0.0,0.0,0.0,0.0,,,0,0,0,0,0,,0.0,0.0,0.0,0.0
Brusdar Graterol,0.0,0.0,0.0,0.0,,,0,0,0,0,0,,0.0,0.0,0.0,0.0
Kendall Graveman,0.0,0.0,0.0,0.0,,,0,0,0,0,0,,0.0,0.0,0.0,0.0
Jon Gray,0.0,0.0,0.0,0.0,,,0,0,0,0,0,,0.0,0.0,0.0,0.0
Zack Greinke,0.0,0.0,0.0,0.0,,,0,0,0,0,0,,0.0,0.0,0.0,0.0
Josh Hader,0.0,0.0,0.0,0.0,,,0,0,0,0,0,,0.0,0.0,0.0,0.0
DL Hall,0.0,0.0,0.0,0.0,,,0,0,0,0,0,,0.0,0.0,0.0,0.0
Billy Hamilton,0.0,0.0,0.0,0.0,,,2,2,0,0,2,,0.0,0.0,0.5,0.0
Caleb Hamilton,0.0,0.167,0.0,0.167,,,6,0,0,0,0,,0.0,0.167,0.833,0.0
Taylor Hearn,0.0,0.0,0.0,0.0,,,0,0,0,0,0,,0.0,0.0,0.0,0.0
Jonathan Heasley,0.0,0.0,0.0,0.0,,,0,0,0,0,0,,0.0,0.0,0.0,0.0
Ryan Helsley,0.0,0.0,0.0,0.0,,,0,0,0,0,0,,0.0,0.0,0.0,0.0
Carlos Hernández,0.0,0.0,0.0,0.0,,,0,0,0,0,0,,0.0,0.0,0.0,0.0
Bryan Hoeing,0.0,0.0,0.0,0.0,,,0,0,0,0,0,,0.0,0.0,0.0,0.0
Tommy Hunter,0.0,0.0,0.0,0.0,,,0,0,0,0,0,,0.0,0.0,0.0,0.0
Drey Jameson,0.0,0.0,0.0,0.0,,,0,0,0,0,0,,0.0,0.0,0.0,0.0
Kenley Jansen,0.0,0.0,0.0,0.0,,,0,0,0,0,0,,0.0,0.0,0.0,0.0
Bryce Jarvis,0.0,0.0,0.0,0.0,,,0,0,0,0,0,,0.0,0.0,0.0,0.0
Joe Jiménez,0.0,0.0,0.0,0.0,,,0,0,0,0,0,,0.0,0.0,0.0,0.0
Pierce Johnson,0.0,0.0,0.0,0.0,,,0,0,0,0,0,,0.0,0.0,0.0,0.0
Jakob Junis,0.0,0.0,0.0,0.0,,,0,0,0,0,0,,0.0,0.0,0.0,0.0
Connor Kaiser,0.0,0.0,0.0,0.0,,,4,0,0,0,0,,0.0,0.0,0.5,0.0
Karl Kauffmann,0.0,0.0,0.0,0.0,,,0,0,0,0,0,,0.0,0.0,0.0,0.0
Anthony Kay,0.0,0.0,0.0,0.0,,,0,0,0,0,0,,0.0,0.0,0.0,0.0
John King,0.0,0.0,0.0,0.0,,,0,0,0,0,0,,0.0,0.0,0.0,0.0
Mark Kolozsvary,0.0,0.0,0.0,0.0,,,0,0,0,0,0,,0.0,0.0,0.0,0.0
Alex Lange,0.0,0.0,0.0,0.0,,,0,0,0,0,0,,0.0,0.0,0.0,0.0
Derek Law,0.0,0.0,0.0,0.0,,,0,0,0,0,0,,0.0,0.0,0.0,0.0
Justin Lawrence,0.0,0.0,0.0,0.0,,,0,0,0,0,0,,0.0,0.0,0.0,0.0
Mark Leiter Jr.,0.0,0.0,0.0,0.0,,,0,0,0,0,0,,0.0,0.0,0.0,0.0
Luke Little,0.0,0.0,0.0,0.0,,,0,0,0,0,0,,0.0,0.0,0.0,0.0
Irving Lopez,0.0,0.0,0.0,0.0,,,12,0,0,1,0,,0.0,0.0,0.417,0.0
Chris Martin,0.0,0.0,0.0,0.0,,,0,0,0,0,0,,0.0,0.0,0.0,0.0
Seth Martinez,0.0,0.0,0.0,0.0,,,0,0,0,0,0,,0.0,0.0,0.0,0.0
Phil Maton,0.0,0.0,0.0,0.0,,,0,0,0,0,0,,0.0,0.0,0.0,0.0
Tim Mayza,0.0,0.0,0.0,0.0,,,0,0,0,0,0,,0.0,0.0,0.0,0.0
James McArthur,0.0,0.0,0.0,0.0,,,0,0,0,0,0,,0.0,0.0,0.0,0.0
Mason McCoy,0.0,0.0,0.0,0.0,,,1,2,0,0,0,,0.0,0.0,1.0,0.0
Scott McGough,0.0,0.0,0.0,0.0,,,0,0,0,0,0,,0.0,0.0,0.0,0.0
Julian Merryweather,0.0,0.0,0.0,0.0,,,0,0,0,0,0,,0.0,0.0,0.0,0.0
Shelby Miller,0.0,0.0,0.0,0.0,,,1,0,0,0,0,,0.0,0.0,0.0,0.0
Cal Mitchell,0.0,0.2,0.0,0.2,,,5,0,0,0,0,,0.0,0.2,0.2,0.0
Rafael Montero,0.0,0.0,0.0,0.0,,,0,0,0,0,0,,0.0,0.0,0.0,0.0
Jovani Morán,0.0,0.0,0.0,0.0,,,0,0,0,0,0,,0.0,0.0,0.0,0.0
Penn Murfee,0.0,0.0,0.0,0.0,,,0,0,0,0,0,,0.0,0.0,0.0,0.0
Andrés Muñoz,0.0,0.0,0.0,0.0,,,0,0,0,0,0,,0.0,0.0,0.0,0.0
James Naile,0.0,0.0,0.0,0.0,,,0,0,0,0,0,,0.0,0.0,0.0,0.0
Tyler Naquin,0.0,0.0,0.0,0.0,,,8,0,0,0,0,,0.0,0.0,0.875,0.0
Andrew Nardi,0.0,0.0,0.0,0.0,,,0,0,0,0,0,,0.0,0.0,0.0,0.0
Kyle Nelson,0.0,0.0,0.0,0.0,,,0,0,0,0,0,,0.0,0.0,0.0,0.0
Héctor Neris,0.0,0.0,0.0,0.0,,,0,0,0,0,0,,0.0,0.0,0.0,0.0
Chris Okey,0.0,0.0,0.0,0.0,,,2,0,0,0,0,,0.0,0.0,1.0,0.0
Chris Paddack,0.0,0.0,0.0,0.0,,,0,0,0,0,0,,0.0,0.0,0.0,0.0
Emilio Pagán,0.0,0.0,0.0,0.0,,,0,0,0,0,0,,0.0,0.0,0.0,0.0
Nick Pivetta,0.0,0.0,0.0,0.0,,,0,0,0,0,0,,0.0,0.0,0.0,0.0
Ryan Pressly,0.0,0.0,0.0,0.0,,,0,0,0,0,0,,0.0,0.0,0.0,0.0
Cionel Pérez,0.0,0.0,0.0,0.0,,,0,0,0,0,0,,0.0,0.0,0.0,0.0
Cole Ragans,0.0,0.0,0.0,0.0,,,0,0,0,0,0,,0.0,0.0,0.0,0.0
Brooks Raley,0.0,0.0,0.0,0.0,,,0,0,0,0,0,,0.0,0.0,0.0,0.0
José Rodríguez,0.0,0.0,0.0,0.0,,,0,1,0,0,0,,0.0,0.0,0.0,0.0
Taylor Rogers,0.0,0.0,0.0,0.0,,,0,0,0,0,0,,0.0,0.0,0.0,0.0
Tyler Rogers,0.0,0.0,0.0,0.0,,,0,0,0,0,0,,0.0,0.0,0.0,0.0
Jordan Romano,0.0,0.0,0.0,0.0,,,0,0,0,0,0,,0.0,0.0,0.0,0.0
JoJo Romero,0.0,0.0,0.0,0.0,,,0,0,0,0,0,,0.0,0.0,0.0,0.0
Michael Rucker,0.0,0.0,0.0,0.0,,,0,0,0,0,0,,0.0,0.0,0.0,0.0
José Ruiz,0.0,0.0,0.0,0.0,,,0,0,0,0,0,,0.0,0.0,0.0,0.0
Cole Sands,0.0,0.0,0.0,0.0,,,0,0,0,0,0,,0.0,0.0,0.0,0.0
Tony Santillan,0.0,0.0,0.0,0.0,,,0,0,0,0,0,,0.0,0.0,0.0,0.0
Tayler Saucedo,0.0,0.0,0.0,0.0,,,0,0,0,0,0,,0.0,0.0,0.0,0.0
Josh Sborz,0.0,0.0,0.0,0.0,,,1,0,0,0,0,,0.0,0.0,1.0,0.0
John Schreiber,0.0,0.0,0.0,0.0,,,0,0,0,0,0,,0.0,0.0,0.0,0.0
Tayler Scott,0.0,0.0,0.0,0.0,,,0,0,0,0,0,,0.0,0.0,0.0,0.0
Chandler Seagle,0.0,0.0,0.0,0.0,,,1,0,0,0,0,,0.0,0.0,0.0,0.0
Paul Sewald,0.0,0.0,0.0,0.0,,,0,0,0,0,0,,0.0,0.0,0.0,0.0
Braden Shewmake,0.0,0.0,0.0,0.0,,,4,0,0,0,0,,0.0,0.0,0.25,0.0
Michael Siani,0.0,0.167,0.0,0.167,,,6,1,0,0,1,,0.0,0.167,0.167,0.0
Lucas Sims,0.0,0.0,0.0,0.0,,,0,0,0,0,0,,0.0,0.0,0.0,0.0
Drew Smith,0.0,0.0,0.0,0.0,,,0,0,0,0,0,,0.0,0.0,0.0,0.0
Will Smith,0.0,0.0,0.0,0.0,,,0,0,0,0,0,,0.0,0.0,0.0,0.0
Drew Smyly,0.0,0.0,0.0,0.0,,,0,0,0,0,0,,0.0,0.0,0.0,0.0
Nick Solak,0.0,0.0,0.0,0.0,,,0,1,0,0,0,,0.0,0.0,0.0,0.0
Carson Spiers,0.0,0.0,0.0,0.0,,,0,0,0,0,0,,0.0,0.0,0.0,0.0
Ryne Stanek,0.0,0.0,0.0,0.0,,,0,0,0,0,0,,0.0,0.0,0.0,0.0
Cal Stevenson,0.0,0.25,0.0,0.25,,,12,1,0,0,0,,0.0,0.25,0.167,0.0
Robert Suarez,0.0,0.0,0.0,0.0,,,0,0,0,0,0,,0.0,0.0,0.0,0.0
Brent Suter,0.0,0.0,0.0,0.0,,,0,0,0,0,0,,0.0,0.0,0.0,0.0
Domingo Tapia,0.0,0.0,0.0,0.0,,,0,0,0,0,0,,0.0,0.0,0.0,0.0
Justin Topa,0.0,0.0,0.0,0.0,,,0,0,0,0,0,,0.0,0.0,0.0,0.0
Alex Vesia,0.0,0.0,0.0,0.0,,,0,0,0,0,0,,0.0,0.0,0.0,0.0
Will Vest,0.0,0.0,0.0,0.0,,,0,0,0,0,0,,0.0,0.0,0.0,0.0
Meibrys Viloria,0.0,0.25,0.0,0.25,,,4,0,0,0,0,,0.0,0.25,0.0,0.0
Adam Wainwright,0.0,0.0,0.0,0.0,,,2,0,0,0,0,,0.0,0.0,0.5,0.0
Hayden Wesneski,0.0,0.0,0.0,0.0,,,0,0,0,0,0,,0.0,0.0,0.0,0.0
Garrett Whitlock,0.0,0.0,0.0,0.0,,,0,0,0,0,0,,0.0,0.0,0.0,0.0
Nick Wittgren,0.0,0.0,0.0,0.0,,,0,0,0,0,0,,0.0,0.0,0.0,0.0
Ryan Yarbrough,0.0,0.0,0.0,0.0,,,0,0,0,0,0,,0.0,0.0,0.0,0.0
Alex Young,0.0,0.0,0.0,0.0,,,0,0,0,0,0,,0.0,0.0,0.0,0.0
